[(5, 17), (3, 11), (4, 11), (6, 10), (2, 9), (1, 8), (10, 8), (12, 8), (14, 7), (17, 7), (0, 6), (7, 6), (13, 6), (20, 6), (21, 6), (9, 5), (18, 5), (25, 5), (8, 4), (15, 4), (28, 4), (11, 3), (16, 3), (22, 3), (19, 1), (23, 1), (24, 1), (26, 1), (27, 1), (29, 1)];;;;;;;;;;;;;;;;;;;;;;;;;;;;;;;;;
0;1;2;3;4;5;6;7;8;9;10;11;12;13;14;15;16;17;18;19;20;21;22;23;24;25;26;27;28;29;;;;
2;2;1;1;2;1;2;1;1;2;1;2;1;1;1;1;2;2;2;1;2;2;2;2;1;1;2;2;1;2;14;0;0.466666667;0.466666667
2;2;1;1;2;1;2;1;1;1;1;2;1;1;1;1;2;2;2;1;2;2;2;2;1;1;2;2;1;2;15;1;0.5;0.466666667
2;2;1;1;2;1;2;1;1;1;1;2;1;1;1;1;2;2;2;1;2;2;2;2;1;1;2;2;1;2;15;2;0.5;0.466666667
2;2;1;1;2;1;2;1;1;1;1;2;1;1;1;1;2;2;2;1;2;2;2;2;1;1;2;2;1;2;15;3;0.5;0.433333333
2;2;1;1;2;1;2;1;1;1;1;2;1;1;1;1;2;2;2;1;2;2;2;2;1;1;2;2;1;2;15;4;0.5;0.466666667
2;2;1;1;2;1;2;1;1;1;1;2;1;1;1;1;2;2;2;1;2;2;2;2;1;1;2;2;1;2;15;5;0.5;0.433333333
2;2;1;1;2;1;2;1;1;1;1;2;1;1;1;1;2;2;2;1;2;2;2;2;1;1;2;2;1;2;15;6;0.5;0.433333333
2;2;1;1;2;1;2;1;1;1;1;2;1;1;1;1;2;2;2;1;2;2;2;2;1;1;2;2;1;2;15;7;0.5;0.433333333
2;2;1;1;2;1;2;1;1;1;1;2;1;1;1;1;2;2;2;1;2;2;2;2;1;1;2;2;1;1;16;8;0.533333333;0.4
2;2;1;1;2;1;2;1;1;1;1;2;1;1;1;1;2;2;2;1;2;2;2;2;1;1;2;2;1;1;16;9;0.533333333;0.4
2;2;1;1;2;1;2;1;1;1;1;2;1;1;1;1;2;2;2;1;2;2;2;2;1;1;2;2;1;1;16;10;0.533333333;0.433333333
2;2;1;1;2;1;2;1;1;1;1;2;1;1;1;1;2;2;2;1;2;2;2;2;1;1;2;2;1;1;16;11;0.533333333;0.433333333
2;2;1;1;2;1;2;1;1;1;1;2;1;1;1;1;2;2;2;1;2;2;2;2;1;1;1;2;1;1;17;12;0.566666667;0.433333333
2;2;1;1;2;1;2;1;1;1;1;2;1;1;1;1;2;2;2;1;2;2;2;2;1;1;1;2;1;1;17;13;0.566666667;0.433333333
1;2;1;1;2;1;2;1;1;1;1;2;1;1;1;1;2;2;2;1;2;2;2;2;1;1;1;2;1;1;18;14;0.6;0.466666667
1;2;1;1;2;1;1;1;1;1;1;2;1;1;1;1;2;2;2;1;2;2;2;2;1;1;1;2;1;1;19;15;0.633333333;0.433333333
1;2;1;1;2;1;1;1;1;1;1;2;1;1;1;1;2;2;2;1;2;2;2;2;1;1;1;1;1;1;20;16;0.666666667;0.4
1;2;1;1;2;1;1;1;1;1;1;2;1;1;1;1;2;2;2;1;2;2;2;2;1;1;1;1;1;1;20;17;0.666666667;0.4
1;2;1;1;2;1;1;1;1;1;1;2;1;1;1;1;2;2;2;1;2;2;2;2;1;1;1;1;1;1;20;18;0.666666667;0.4
1;2;1;1;2;1;1;1;1;1;1;1;1;1;1;1;2;2;2;1;2;2;2;2;1;1;1;1;1;1;21;19;0.7;0.4
1;2;1;1;2;1;1;1;1;1;1;1;1;1;1;1;2;2;2;1;2;2;2;2;1;1;1;1;1;1;21;20;0.7;0.433333333
1;2;1;1;2;1;1;1;1;1;1;1;1;1;1;1;2;2;2;1;1;2;2;2;1;1;1;1;1;1;22;21;0.733333333;0.433333333
1;2;1;1;2;1;1;1;1;1;1;1;1;1;1;1;2;2;2;1;1;2;2;2;1;1;1;1;1;1;22;22;0.733333333;0.433333333
1;2;1;1;2;1;1;1;1;1;1;1;1;1;1;1;2;2;2;1;1;2;2;2;1;1;1;1;1;1;22;23;0.733333333;0.433333333
1;2;1;1;2;1;1;1;1;1;1;1;1;1;1;1;2;2;2;1;1;2;2;2;1;1;1;1;1;1;22;24;0.733333333;0.433333333
1;2;1;1;2;1;1;1;1;1;1;1;1;1;1;1;2;2;2;1;1;2;2;2;1;1;1;1;1;1;22;25;0.733333333;0.433333333
1;2;1;1;2;1;1;1;1;1;1;1;1;1;1;1;2;2;2;1;1;2;2;2;1;1;1;1;1;1;22;26;0.733333333;0.433333333
1;2;1;1;2;1;1;1;1;1;1;1;1;1;1;1;2;2;1;1;1;2;2;2;1;1;1;1;1;1;23;27;0.766666667;0.433333333
1;2;1;1;2;1;1;1;1;1;1;1;1;1;1;1;2;2;1;1;1;2;2;2;1;1;1;1;1;1;23;28;0.766666667;0.433333333
1;2;1;1;2;1;1;1;1;1;1;1;1;1;1;1;2;2;1;1;1;2;2;2;1;1;1;1;1;1;23;29;0.766666667;0.433333333
1;2;1;1;2;1;1;1;1;1;1;1;1;1;1;1;2;2;1;1;1;2;2;2;1;1;1;1;1;1;23;30;0.766666667;0.433333333
1;2;1;1;2;1;1;1;1;1;1;1;1;1;1;1;2;2;1;1;1;2;2;2;1;1;1;1;1;1;23;31;0.766666667;0.433333333
1;2;1;1;2;1;1;1;1;1;1;1;1;1;1;1;2;2;1;1;1;2;2;2;1;1;1;1;1;1;23;32;0.766666667;0.4
1;2;1;1;2;1;1;1;1;1;1;1;1;1;1;1;2;2;1;1;1;2;2;2;1;1;1;1;1;1;23;33;0.766666667;0.433333333
1;2;1;1;2;1;1;1;1;1;1;1;1;1;1;1;2;2;1;1;1;2;2;2;1;1;1;1;1;1;23;34;0.766666667;0.433333333
1;2;1;1;1;1;1;1;1;1;1;1;1;1;1;1;2;2;1;1;1;2;2;2;1;1;1;1;1;1;24;35;0.8;0.466666667
1;2;1;1;1;1;1;1;1;1;1;1;1;1;1;1;2;2;1;1;1;2;2;2;1;1;1;1;1;1;24;36;0.8;0.5
1;2;1;1;1;1;1;1;1;1;1;1;1;1;1;1;2;2;1;1;1;2;2;2;1;1;1;1;1;1;24;37;0.8;0.466666667
1;2;1;1;1;1;1;1;1;1;1;1;1;1;1;1;2;2;1;1;1;2;2;2;1;1;1;1;1;1;24;38;0.8;0.466666667
1;2;1;1;1;1;1;1;1;1;1;1;1;1;1;1;2;2;1;1;1;2;2;2;1;1;1;1;1;1;24;39;0.8;0.466666667
1;2;1;1;1;1;1;1;1;1;1;1;1;1;1;1;2;2;1;1;1;2;2;2;1;1;1;1;1;1;24;40;0.8;0.466666667
1;2;1;1;1;1;1;1;1;1;1;1;1;1;1;1;2;2;1;1;1;2;2;2;1;1;1;1;1;1;24;41;0.8;0.466666667
1;2;1;1;1;1;1;1;1;1;1;1;1;1;1;1;2;2;1;1;1;2;2;2;1;1;1;1;1;1;24;42;0.8;0.466666667
1;2;1;1;1;1;1;1;1;1;1;1;1;1;1;1;2;2;1;1;1;2;2;2;1;1;1;1;1;1;24;43;0.8;0.466666667
1;2;1;1;1;1;1;1;1;1;1;1;1;1;1;1;2;2;1;1;1;2;2;2;1;1;1;1;1;1;24;44;0.8;0.466666667
1;2;1;1;1;1;1;1;1;1;1;1;1;1;1;1;2;2;1;1;1;2;2;2;1;1;1;1;1;1;24;45;0.8;0.466666667
1;2;1;1;1;1;1;1;1;1;1;1;1;1;1;1;2;2;1;1;1;2;2;2;1;1;1;1;1;1;24;46;0.8;0.433333333
1;2;1;1;1;1;1;1;1;1;1;1;1;1;1;1;2;2;1;1;1;2;2;2;1;1;1;1;1;1;24;47;0.8;0.433333333
1;2;1;1;1;1;1;1;1;1;1;1;1;1;1;1;2;2;1;1;1;2;2;2;1;1;1;1;1;1;24;48;0.8;0.466666667
1;2;1;1;1;1;1;1;1;1;1;1;1;1;1;1;2;2;1;1;1;2;2;2;1;1;1;1;1;1;24;49;0.8;0.466666667
1;2;1;1;1;1;1;1;1;1;1;1;1;1;1;1;2;2;1;1;1;2;2;2;1;1;1;1;1;1;24;50;0.8;0.433333333
1;2;1;1;1;1;1;1;1;1;1;1;1;1;1;1;2;2;1;1;1;2;2;2;1;1;1;1;1;1;24;51;0.8;0.433333333
1;2;1;1;1;1;1;1;1;1;1;1;1;1;1;1;2;2;1;1;1;2;2;2;1;1;1;1;1;1;24;52;0.8;0.466666667
1;2;1;1;1;1;1;1;1;1;1;1;1;1;1;1;2;2;1;1;1;2;2;2;1;1;1;1;1;1;24;53;0.8;0.5
1;2;1;1;1;1;1;1;1;1;1;1;1;1;1;1;1;2;1;1;1;2;2;2;1;1;1;1;1;1;25;54;0.833333333;0.5
1;2;1;1;1;1;1;1;1;1;1;1;1;1;1;1;1;2;1;1;1;2;2;2;1;1;1;1;1;1;25;55;0.833333333;0.5
1;2;1;1;1;1;1;1;1;1;1;1;1;1;1;1;1;2;1;1;1;2;2;2;1;1;1;1;1;1;25;56;0.833333333;0.5
1;2;1;1;1;1;1;1;1;1;1;1;1;1;1;1;1;2;1;1;1;2;2;2;1;1;1;1;1;1;25;57;0.833333333;0.5
1;2;1;1;1;1;1;1;1;1;1;1;1;1;1;1;1;2;1;1;1;2;2;2;1;1;1;1;1;1;25;58;0.833333333;0.5
1;2;1;1;1;1;1;1;1;1;1;1;1;1;1;1;1;2;1;1;1;2;2;2;1;1;1;1;1;1;25;59;0.833333333;0.533333333
1;2;1;1;1;1;1;1;1;1;1;1;1;1;1;1;1;2;1;1;1;2;2;2;1;1;1;1;1;1;25;60;0.833333333;0.566666667
1;2;1;1;1;1;1;1;1;1;1;1;1;1;1;1;1;2;1;1;1;2;2;2;1;1;1;1;1;1;25;61;0.833333333;0.566666667
1;2;1;1;1;1;1;1;1;1;1;1;1;1;1;1;1;2;1;1;1;2;2;2;1;1;1;1;1;1;25;62;0.833333333;0.566666667
1;2;1;1;1;1;1;1;1;1;1;1;1;1;1;1;1;2;1;1;1;2;2;2;1;1;1;1;1;1;25;63;0.833333333;0.566666667
1;2;1;1;1;1;1;1;1;1;1;1;1;1;1;1;1;2;1;1;1;2;2;2;1;1;1;1;1;1;25;64;0.833333333;0.566666667
1;2;1;1;1;1;1;1;1;1;1;1;1;1;1;1;1;2;1;1;1;2;2;2;1;1;1;1;1;1;25;65;0.833333333;0.533333333
1;2;1;1;1;1;1;1;1;1;1;1;1;1;1;1;1;2;1;1;1;2;2;2;1;1;1;1;1;1;25;66;0.833333333;0.5
1;2;1;1;1;1;1;1;1;1;1;1;1;1;1;1;1;2;1;1;1;2;2;2;1;1;1;1;1;1;25;67;0.833333333;0.5
1;2;1;1;1;1;1;1;1;1;1;1;1;1;1;1;1;2;1;1;1;2;2;2;1;1;1;1;1;1;25;68;0.833333333;0.5
1;2;1;1;1;1;1;1;1;1;1;1;1;1;1;1;1;2;1;1;1;2;2;2;1;1;1;1;1;1;25;69;0.833333333;0.466666667
1;2;1;1;1;1;1;1;1;1;1;1;1;1;1;1;1;2;1;1;1;2;2;2;1;1;1;1;1;1;25;70;0.833333333;0.466666667
1;2;1;1;1;1;1;1;1;1;1;1;1;1;1;1;1;2;1;1;1;2;2;2;1;1;1;1;1;1;25;71;0.833333333;0.433333333
1;2;1;1;1;1;1;1;1;1;1;1;1;1;1;1;1;2;1;1;1;2;2;2;1;1;1;1;1;1;25;72;0.833333333;0.433333333
1;2;1;1;1;1;1;1;1;1;1;1;1;1;1;1;1;2;1;1;1;2;2;2;1;1;1;1;1;1;25;73;0.833333333;0.466666667
1;2;1;1;1;1;1;1;1;1;1;1;1;1;1;1;1;2;1;1;1;2;2;2;1;1;1;1;1;1;25;74;0.833333333;0.466666667
1;2;1;1;1;1;1;1;1;1;1;1;1;1;1;1;1;2;1;1;1;2;2;2;1;1;1;1;1;1;25;75;0.833333333;0.466666667
1;2;1;1;1;1;1;1;1;1;1;1;1;1;1;1;1;2;1;1;1;2;2;2;1;1;1;1;1;1;25;76;0.833333333;0.5
1;2;1;1;1;1;1;1;1;1;1;1;1;1;1;1;1;2;1;1;1;2;2;2;1;1;1;1;1;1;25;77;0.833333333;0.533333333
1;2;1;1;1;1;1;1;1;1;1;1;1;1;1;1;1;2;1;1;1;2;2;2;1;1;1;1;1;1;25;78;0.833333333;0.533333333
1;2;1;1;1;1;1;1;1;1;1;1;1;1;1;1;1;2;1;1;1;2;2;2;1;1;1;1;1;1;25;79;0.833333333;0.533333333
1;2;1;1;1;1;1;1;1;1;1;1;1;1;1;1;1;2;1;1;1;2;2;2;1;1;1;1;1;1;25;80;0.833333333;0.566666667
1;2;1;1;1;1;1;1;1;1;1;1;1;1;1;1;1;2;1;1;1;2;2;2;1;1;1;1;1;1;25;81;0.833333333;0.6
1;2;1;1;1;1;1;1;1;1;1;1;1;1;1;1;1;2;1;1;1;2;2;2;1;1;1;1;1;1;25;82;0.833333333;0.6
1;2;1;1;1;1;1;1;1;1;1;1;1;1;1;1;1;2;1;1;1;2;2;2;1;1;1;1;1;1;25;83;0.833333333;0.6
1;2;1;1;1;1;1;1;1;1;1;1;1;1;1;1;1;1;1;1;1;2;2;2;1;1;1;1;1;1;26;84;0.866666667;0.6
1;2;1;1;1;1;1;1;1;1;1;1;1;1;1;1;1;1;1;1;1;2;2;2;1;1;1;1;1;1;26;85;0.866666667;0.6
1;2;1;1;1;1;1;1;1;1;1;1;1;1;1;1;1;1;1;1;1;2;2;2;1;1;1;1;1;1;26;86;0.866666667;0.6
1;2;1;1;1;1;1;1;1;1;1;1;1;1;1;1;1;1;1;1;1;2;2;2;1;1;1;1;1;1;26;87;0.866666667;0.6
1;2;1;1;1;1;1;1;1;1;1;1;1;1;1;1;1;1;1;1;1;2;2;2;1;1;1;1;1;1;26;88;0.866666667;0.6
1;2;1;1;1;1;1;1;1;1;1;1;1;1;1;1;1;1;1;1;1;2;2;2;1;1;1;1;1;1;26;89;0.866666667;0.566666667
1;2;1;1;1;1;1;1;1;1;1;1;1;1;1;1;1;1;1;1;1;2;2;2;1;1;1;1;1;1;26;90;0.866666667;0.566666667
1;2;1;1;1;1;1;1;1;1;1;1;1;1;1;1;1;1;1;1;1;2;2;2;1;1;1;1;1;1;26;91;0.866666667;0.6
1;2;1;1;1;1;1;1;1;1;1;1;1;1;1;1;1;1;1;1;1;2;2;2;1;1;1;1;1;1;26;92;0.866666667;0.6
1;2;1;1;1;1;1;1;1;1;1;1;1;1;1;1;1;1;1;1;1;2;2;2;1;1;1;1;1;1;26;93;0.866666667;0.6
1;2;1;1;1;1;1;1;1;1;1;1;1;1;1;1;1;1;1;1;1;2;2;2;1;1;1;1;1;1;26;94;0.866666667;0.566666667
1;2;1;1;1;1;1;1;1;1;1;1;1;1;1;1;1;1;1;1;1;2;2;2;1;1;1;1;1;1;26;95;0.866666667;0.566666667
1;2;1;1;1;1;1;1;1;1;1;1;1;1;1;1;1;1;1;1;1;2;2;2;1;1;1;1;1;1;26;96;0.866666667;0.6
1;2;1;1;1;1;1;1;1;1;1;1;1;1;1;1;1;1;1;1;1;2;2;2;1;1;1;1;1;1;26;97;0.866666667;0.633333333
1;2;1;1;1;1;1;1;1;1;1;1;1;1;1;1;1;1;1;1;1;2;2;2;1;1;1;1;1;1;26;98;0.866666667;0.633333333
1;2;1;1;1;1;1;1;1;1;1;1;1;1;1;1;1;1;1;1;1;1;2;2;1;1;1;1;1;1;27;99;0.9;0.633333333
1;2;1;1;1;1;1;1;1;1;1;1;1;1;1;1;1;1;1;1;1;1;2;2;1;1;1;1;1;1;27;100;0.9;0.666666667
1;2;1;1;1;1;1;1;1;1;1;1;1;1;1;1;1;1;1;1;1;1;2;2;1;1;1;1;1;1;27;101;0.9;0.633333333
1;2;1;1;1;1;1;1;1;1;1;1;1;1;1;1;1;1;1;1;1;1;2;2;1;1;1;1;1;1;27;102;0.9;0.666666667
1;2;1;1;1;1;1;1;1;1;1;1;1;1;1;1;1;1;1;1;1;1;2;2;1;1;1;1;1;1;27;103;0.9;0.666666667
1;2;1;1;1;1;1;1;1;1;1;1;1;1;1;1;1;1;1;1;1;1;2;2;1;1;1;1;1;1;27;104;0.9;0.7
1;2;1;1;1;1;1;1;1;1;1;1;1;1;1;1;1;1;1;1;1;1;2;2;1;1;1;1;1;1;27;105;0.9;0.7
1;2;1;1;1;1;1;1;1;1;1;1;1;1;1;1;1;1;1;1;1;1;2;2;1;1;1;1;1;1;27;106;0.9;0.7
1;2;1;1;1;1;1;1;1;1;1;1;1;1;1;1;1;1;1;1;1;1;2;2;1;1;1;1;1;1;27;107;0.9;0.7
1;2;1;1;1;1;1;1;1;1;1;1;1;1;1;1;1;1;1;1;1;1;2;2;1;1;1;1;1;1;27;108;0.9;0.733333333
1;2;1;1;1;1;1;1;1;1;1;1;1;1;1;1;1;1;1;1;1;1;2;2;1;1;1;1;1;1;27;109;0.9;0.733333333
1;2;1;1;1;1;1;1;1;1;1;1;1;1;1;1;1;1;1;1;1;1;2;2;1;1;1;1;1;1;27;110;0.9;0.733333333
1;2;1;1;1;1;1;1;1;1;1;1;1;1;1;1;1;1;1;1;1;1;2;2;1;1;1;1;1;1;27;111;0.9;0.733333333
1;2;1;1;1;1;1;1;1;1;1;1;1;1;1;1;1;1;1;1;1;1;2;2;1;1;1;1;1;1;27;112;0.9;0.7
1;2;1;1;1;1;1;1;1;1;1;1;1;1;1;1;1;1;1;1;1;1;1;2;1;1;1;1;1;1;28;113;0.933333333;0.733333333
1;2;1;1;1;1;1;1;1;1;1;1;1;1;1;1;1;1;1;1;1;1;1;2;1;1;1;1;1;1;28;114;0.933333333;0.7
1;2;1;1;1;1;1;1;1;1;1;1;1;1;1;1;1;1;1;1;1;1;1;2;1;1;1;1;1;1;28;115;0.933333333;0.7
1;2;1;1;1;1;1;1;1;1;1;1;1;1;1;1;1;1;1;1;1;1;1;2;1;1;1;1;1;1;28;116;0.933333333;0.733333333
1;2;1;1;1;1;1;1;1;1;1;1;1;1;1;1;1;1;1;1;1;1;1;2;1;1;1;1;1;1;28;117;0.933333333;0.733333333
1;2;1;1;1;1;1;1;1;1;1;1;1;1;1;1;1;1;1;1;1;1;1;2;1;1;1;1;1;1;28;118;0.933333333;0.733333333
1;2;1;1;1;1;1;1;1;1;1;1;1;1;1;1;1;1;1;1;1;1;1;2;1;1;1;1;1;1;28;119;0.933333333;0.7
1;2;1;1;1;1;1;1;1;1;1;1;1;1;1;1;1;1;1;1;1;1;1;2;1;1;1;1;1;1;28;120;0.933333333;0.7
1;2;1;1;1;1;1;1;1;1;1;1;1;1;1;1;1;1;1;1;1;1;1;2;1;1;1;1;1;1;28;121;0.933333333;0.7
1;2;1;1;1;1;1;1;1;1;1;1;1;1;1;1;1;1;1;1;1;1;1;2;1;1;1;1;1;1;28;122;0.933333333;0.7
1;2;1;1;1;1;1;1;1;1;1;1;1;1;1;1;1;1;1;1;1;1;1;2;1;1;1;1;1;1;28;123;0.933333333;0.733333333
1;2;1;1;1;1;1;1;1;1;1;1;1;1;1;1;1;1;1;1;1;1;1;2;1;1;1;1;1;1;28;124;0.933333333;0.733333333
1;2;1;1;1;1;1;1;1;1;1;1;1;1;1;1;1;1;1;1;1;1;1;2;1;1;1;1;1;1;28;125;0.933333333;0.733333333
1;2;1;1;1;1;1;1;1;1;1;1;1;1;1;1;1;1;1;1;1;1;1;2;1;1;1;1;1;1;28;126;0.933333333;0.733333333
1;2;1;1;1;1;1;1;1;1;1;1;1;1;1;1;1;1;1;1;1;1;1;2;1;1;1;1;1;1;28;127;0.933333333;0.733333333
1;2;1;1;1;1;1;1;1;1;1;1;1;1;1;1;1;1;1;1;1;1;1;2;1;1;1;1;1;1;28;128;0.933333333;0.733333333
1;2;1;1;1;1;1;1;1;1;1;1;1;1;1;1;1;1;1;1;1;1;1;1;1;1;1;1;1;1;29;129;0.966666667;0.7
1;2;1;1;1;1;1;1;1;1;1;1;1;1;1;1;1;1;1;1;1;1;1;1;1;1;1;1;1;1;29;130;0.966666667;0.7
1;2;1;1;1;1;1;1;1;1;1;1;1;1;1;1;1;1;1;1;1;1;1;1;1;1;1;1;1;1;29;131;0.966666667;0.7
1;2;1;1;1;1;1;1;1;1;1;1;1;1;1;1;1;1;1;1;1;1;1;1;1;1;1;1;1;1;29;132;0.966666667;0.7
1;2;1;1;1;1;1;1;1;1;1;1;1;1;1;1;1;1;1;1;1;1;1;1;1;1;1;1;1;1;29;133;0.966666667;0.7
1;2;1;1;1;1;1;1;1;1;1;1;1;1;1;1;1;1;1;1;1;1;1;1;1;1;1;1;1;1;29;134;0.966666667;0.7
1;2;1;1;1;1;1;1;1;1;1;1;1;1;1;1;1;1;1;1;1;1;1;1;1;1;1;1;1;1;29;135;0.966666667;0.7
1;2;1;1;1;1;1;1;1;1;1;1;1;1;1;1;1;1;1;1;1;1;1;1;1;1;1;1;1;1;29;136;0.966666667;0.7
1;2;1;1;1;1;1;1;1;1;1;1;1;1;1;1;1;1;1;1;1;1;1;1;1;1;1;1;1;1;29;137;0.966666667;0.7
1;2;1;1;1;1;1;1;1;1;1;1;1;1;1;1;1;1;1;1;1;1;1;1;1;1;1;1;1;1;29;138;0.966666667;0.7
1;2;1;1;1;1;1;1;1;1;1;1;1;1;1;1;1;1;1;1;1;1;1;1;1;1;1;1;1;1;29;139;0.966666667;0.7
1;2;1;1;1;1;1;1;1;1;1;1;1;1;1;1;1;1;1;1;1;1;1;1;1;1;1;1;1;1;29;140;0.966666667;0.7
1;2;1;1;1;1;1;1;1;1;1;1;1;1;1;1;1;1;1;1;1;1;1;1;1;1;1;1;1;1;29;141;0.966666667;0.7
1;2;1;1;1;1;1;1;1;1;1;1;1;1;1;1;1;1;1;1;1;1;1;1;1;1;1;1;1;1;29;142;0.966666667;0.7
1;1;1;1;1;1;1;1;1;1;1;1;1;1;1;1;1;1;1;1;1;1;1;1;1;1;1;1;1;1;30;143;1;0.7
;;;;;;;;;;;;;;;;;;;;;;;;;;;;;;;144;1;0.7
;;;;;;;;;;;;;;;;;;;;;;;;;;;;;;;145;1;0.7
;;;;;;;;;;;;;;;;;;;;;;;;;;;;;;;146;1;0.666666667
;;;;;;;;;;;;;;;;;;;;;;;;;;;;;;;147;1;0.666666667
;;;;;;;;;;;;;;;;;;;;;;;;;;;;;;;148;1;0.666666667
;;;;;;;;;;;;;;;;;;;;;;;;;;;;;;;149;1;0.666666667
;;;;;;;;;;;;;;;;;;;;;;;;;;;;;;;150;1;0.666666667
;;;;;;;;;;;;;;;;;;;;;;;;;;;;;;;151;1;0.633333333
;;;;;;;;;;;;;;;;;;;;;;;;;;;;;;;152;1;0.633333333
;;;;;;;;;;;;;;;;;;;;;;;;;;;;;;;153;1;0.633333333
;;;;;;;;;;;;;;;;;;;;;;;;;;;;;;;154;1;0.633333333
;;;;;;;;;;;;;;;;;;;;;;;;;;;;;;;155;1;0.633333333
;;;;;;;;;;;;;;;;;;;;;;;;;;;;;;;156;1;0.633333333
;;;;;;;;;;;;;;;;;;;;;;;;;;;;;;;157;1;0.633333333
;;;;;;;;;;;;;;;;;;;;;;;;;;;;;;;158;1;0.633333333
;;;;;;;;;;;;;;;;;;;;;;;;;;;;;;;159;1;0.633333333
;;;;;;;;;;;;;;;;;;;;;;;;;;;;;;;160;1;0.666666667
;;;;;;;;;;;;;;;;;;;;;;;;;;;;;;;161;1;0.666666667
;;;;;;;;;;;;;;;;;;;;;;;;;;;;;;;162;1;0.666666667
;;;;;;;;;;;;;;;;;;;;;;;;;;;;;;;163;1;0.666666667
;;;;;;;;;;;;;;;;;;;;;;;;;;;;;;;164;1;0.666666667
;;;;;;;;;;;;;;;;;;;;;;;;;;;;;;;165;1;0.7
;;;;;;;;;;;;;;;;;;;;;;;;;;;;;;;166;1;0.7
;;;;;;;;;;;;;;;;;;;;;;;;;;;;;;;167;1;0.7
;;;;;;;;;;;;;;;;;;;;;;;;;;;;;;;168;1;0.733333333
;;;;;;;;;;;;;;;;;;;;;;;;;;;;;;;169;1;0.7
;;;;;;;;;;;;;;;;;;;;;;;;;;;;;;;170;1;0.733333333
;;;;;;;;;;;;;;;;;;;;;;;;;;;;;;;171;1;0.733333333
;;;;;;;;;;;;;;;;;;;;;;;;;;;;;;;172;1;0.733333333
;;;;;;;;;;;;;;;;;;;;;;;;;;;;;;;173;1;0.733333333
;;;;;;;;;;;;;;;;;;;;;;;;;;;;;;;174;1;0.733333333
;;;;;;;;;;;;;;;;;;;;;;;;;;;;;;;175;1;0.733333333
;;;;;;;;;;;;;;;;;;;;;;;;;;;;;;;176;1;0.766666667
;;;;;;;;;;;;;;;;;;;;;;;;;;;;;;;177;1;0.766666667
;;;;;;;;;;;;;;;;;;;;;;;;;;;;;;;178;1;0.766666667
;;;;;;;;;;;;;;;;;;;;;;;;;;;;;;;179;1;0.766666667
;;;;;;;;;;;;;;;;;;;;;;;;;;;;;;;180;1;0.766666667
;;;;;;;;;;;;;;;;;;;;;;;;;;;;;;;181;1;0.766666667
;;;;;;;;;;;;;;;;;;;;;;;;;;;;;;;182;1;0.766666667
;;;;;;;;;;;;;;;;;;;;;;;;;;;;;;;183;1;0.766666667
;;;;;;;;;;;;;;;;;;;;;;;;;;;;;;;184;1;0.766666667
;;;;;;;;;;;;;;;;;;;;;;;;;;;;;;;185;1;0.766666667
;;;;;;;;;;;;;;;;;;;;;;;;;;;;;;;186;1;0.766666667
;;;;;;;;;;;;;;;;;;;;;;;;;;;;;;;187;1;0.766666667
;;;;;;;;;;;;;;;;;;;;;;;;;;;;;;;188;1;0.766666667
;;;;;;;;;;;;;;;;;;;;;;;;;;;;;;;189;1;0.733333333
;;;;;;;;;;;;;;;;;;;;;;;;;;;;;;;190;1;0.733333333
;;;;;;;;;;;;;;;;;;;;;;;;;;;;;;;191;1;0.766666667
;;;;;;;;;;;;;;;;;;;;;;;;;;;;;;;192;1;0.766666667
;;;;;;;;;;;;;;;;;;;;;;;;;;;;;;;193;1;0.766666667
;;;;;;;;;;;;;;;;;;;;;;;;;;;;;;;194;1;0.766666667
;;;;;;;;;;;;;;;;;;;;;;;;;;;;;;;195;1;0.766666667
;;;;;;;;;;;;;;;;;;;;;;;;;;;;;;;196;1;0.8
;;;;;;;;;;;;;;;;;;;;;;;;;;;;;;;197;1;0.8
;;;;;;;;;;;;;;;;;;;;;;;;;;;;;;;198;1;0.8
;;;;;;;;;;;;;;;;;;;;;;;;;;;;;;;199;1;0.833333333
;;;;;;;;;;;;;;;;;;;;;;;;;;;;;;;200;1;0.833333333
;;;;;;;;;;;;;;;;;;;;;;;;;;;;;;;201;1;0.833333333
;;;;;;;;;;;;;;;;;;;;;;;;;;;;;;;202;1;0.833333333
;;;;;;;;;;;;;;;;;;;;;;;;;;;;;;;203;1;0.833333333
;;;;;;;;;;;;;;;;;;;;;;;;;;;;;;;204;1;0.866666667
;;;;;;;;;;;;;;;;;;;;;;;;;;;;;;;205;1;0.9
;;;;;;;;;;;;;;;;;;;;;;;;;;;;;;;206;1;0.9
;;;;;;;;;;;;;;;;;;;;;;;;;;;;;;;207;1;0.9
;;;;;;;;;;;;;;;;;;;;;;;;;;;;;;;208;1;0.9
;;;;;;;;;;;;;;;;;;;;;;;;;;;;;;;209;1;0.9
;;;;;;;;;;;;;;;;;;;;;;;;;;;;;;;210;1;0.9
;;;;;;;;;;;;;;;;;;;;;;;;;;;;;;;211;1;0.9
;;;;;;;;;;;;;;;;;;;;;;;;;;;;;;;212;1;0.9
;;;;;;;;;;;;;;;;;;;;;;;;;;;;;;;213;1;0.9
;;;;;;;;;;;;;;;;;;;;;;;;;;;;;;;214;1;0.9
;;;;;;;;;;;;;;;;;;;;;;;;;;;;;;;215;1;0.933333333
;;;;;;;;;;;;;;;;;;;;;;;;;;;;;;;216;1;0.933333333
;;;;;;;;;;;;;;;;;;;;;;;;;;;;;;;217;1;0.933333333
;;;;;;;;;;;;;;;;;;;;;;;;;;;;;;;218;1;0.933333333
;;;;;;;;;;;;;;;;;;;;;;;;;;;;;;;219;1;0.933333333
;;;;;;;;;;;;;;;;;;;;;;;;;;;;;;;220;1;0.933333333
;;;;;;;;;;;;;;;;;;;;;;;;;;;;;;;221;1;0.933333333
;;;;;;;;;;;;;;;;;;;;;;;;;;;;;;;222;1;0.933333333
;;;;;;;;;;;;;;;;;;;;;;;;;;;;;;;223;1;0.933333333
;;;;;;;;;;;;;;;;;;;;;;;;;;;;;;;224;1;0.933333333
;;;;;;;;;;;;;;;;;;;;;;;;;;;;;;;225;1;0.933333333
;;;;;;;;;;;;;;;;;;;;;;;;;;;;;;;226;1;0.933333333
;;;;;;;;;;;;;;;;;;;;;;;;;;;;;;;227;1;0.933333333
;;;;;;;;;;;;;;;;;;;;;;;;;;;;;;;228;1;0.933333333
;;;;;;;;;;;;;;;;;;;;;;;;;;;;;;;229;1;0.933333333
;;;;;;;;;;;;;;;;;;;;;;;;;;;;;;;230;1;0.933333333
;;;;;;;;;;;;;;;;;;;;;;;;;;;;;;;231;1;0.933333333
;;;;;;;;;;;;;;;;;;;;;;;;;;;;;;;232;1;0.933333333
;;;;;;;;;;;;;;;;;;;;;;;;;;;;;;;233;1;0.933333333
;;;;;;;;;;;;;;;;;;;;;;;;;;;;;;;234;1;0.933333333
;;;;;;;;;;;;;;;;;;;;;;;;;;;;;;;235;1;0.933333333
;;;;;;;;;;;;;;;;;;;;;;;;;;;;;;;236;1;0.933333333
;;;;;;;;;;;;;;;;;;;;;;;;;;;;;;;237;1;0.933333333
;;;;;;;;;;;;;;;;;;;;;;;;;;;;;;;238;1;0.966666667
;;;;;;;;;;;;;;;;;;;;;;;;;;;;;;;239;1;0.966666667
;;;;;;;;;;;;;;;;;;;;;;;;;;;;;;;240;1;0.966666667
;;;;;;;;;;;;;;;;;;;;;;;;;;;;;;;241;1;0.966666667
;;;;;;;;;;;;;;;;;;;;;;;;;;;;;;;242;1;0.966666667
;;;;;;;;;;;;;;;;;;;;;;;;;;;;;;;243;1;0.966666667
;;;;;;;;;;;;;;;;;;;;;;;;;;;;;;;244;1;0.966666667
;;;;;;;;;;;;;;;;;;;;;;;;;;;;;;;245;1;0.966666667
;;;;;;;;;;;;;;;;;;;;;;;;;;;;;;;246;1;0.966666667
;;;;;;;;;;;;;;;;;;;;;;;;;;;;;;;247;1;0.966666667
;;;;;;;;;;;;;;;;;;;;;;;;;;;;;;;248;1;0.966666667
;;;;;;;;;;;;;;;;;;;;;;;;;;;;;;;249;1;0.966666667
;;;;;;;;;;;;;;;;;;;;;;;;;;;;;;;250;1;0.966666667
;;;;;;;;;;;;;;;;;;;;;;;;;;;;;;;251;1;0.966666667
;;;;;;;;;;;;;;;;;;;;;;;;;;;;;;;252;1;0.966666667
;;;;;;;;;;;;;;;;;;;;;;;;;;;;;;;253;1;0.966666667
;;;;;;;;;;;;;;;;;;;;;;;;;;;;;;;254;1;0.966666667
;;;;;;;;;;;;;;;;;;;;;;;;;;;;;;;255;1;0.966666667
;;;;;;;;;;;;;;;;;;;;;;;;;;;;;;;256;1;0.966666667
;;;;;;;;;;;;;;;;;;;;;;;;;;;;;;;257;1;0.966666667
;;;;;;;;;;;;;;;;;;;;;;;;;;;;;;;258;1;0.966666667
;;;;;;;;;;;;;;;;;;;;;;;;;;;;;;;259;1;0.966666667
;;;;;;;;;;;;;;;;;;;;;;;;;;;;;;;260;1;0.966666667
;;;;;;;;;;;;;;;;;;;;;;;;;;;;;;;261;1;0.966666667
;;;;;;;;;;;;;;;;;;;;;;;;;;;;;;;262;1;0.966666667
;;;;;;;;;;;;;;;;;;;;;;;;;;;;;;;263;1;0.966666667
;;;;;;;;;;;;;;;;;;;;;;;;;;;;;;;264;1;0.966666667
;;;;;;;;;;;;;;;;;;;;;;;;;;;;;;;265;1;0.966666667
;;;;;;;;;;;;;;;;;;;;;;;;;;;;;;;266;1;0.933333333
;;;;;;;;;;;;;;;;;;;;;;;;;;;;;;;267;1;0.933333333
;;;;;;;;;;;;;;;;;;;;;;;;;;;;;;;268;1;0.933333333
;;;;;;;;;;;;;;;;;;;;;;;;;;;;;;;269;1;0.933333333
;;;;;;;;;;;;;;;;;;;;;;;;;;;;;;;270;1;0.933333333
;;;;;;;;;;;;;;;;;;;;;;;;;;;;;;;271;1;0.933333333
;;;;;;;;;;;;;;;;;;;;;;;;;;;;;;;272;1;0.933333333
;;;;;;;;;;;;;;;;;;;;;;;;;;;;;;;273;1;0.933333333
;;;;;;;;;;;;;;;;;;;;;;;;;;;;;;;274;1;0.933333333
;;;;;;;;;;;;;;;;;;;;;;;;;;;;;;;275;1;0.933333333
;;;;;;;;;;;;;;;;;;;;;;;;;;;;;;;276;1;0.933333333
;;;;;;;;;;;;;;;;;;;;;;;;;;;;;;;277;1;0.933333333
;;;;;;;;;;;;;;;;;;;;;;;;;;;;;;;278;1;0.933333333
;;;;;;;;;;;;;;;;;;;;;;;;;;;;;;;279;1;0.933333333
;;;;;;;;;;;;;;;;;;;;;;;;;;;;;;;280;1;0.933333333
;;;;;;;;;;;;;;;;;;;;;;;;;;;;;;;281;1;0.933333333
;;;;;;;;;;;;;;;;;;;;;;;;;;;;;;;282;1;0.933333333
;;;;;;;;;;;;;;;;;;;;;;;;;;;;;;;283;1;0.9
;;;;;;;;;;;;;;;;;;;;;;;;;;;;;;;284;1;0.9
;;;;;;;;;;;;;;;;;;;;;;;;;;;;;;;285;1;0.9
;;;;;;;;;;;;;;;;;;;;;;;;;;;;;;;286;1;0.866666667
;;;;;;;;;;;;;;;;;;;;;;;;;;;;;;;287;1;0.866666667
;;;;;;;;;;;;;;;;;;;;;;;;;;;;;;;288;1;0.866666667
;;;;;;;;;;;;;;;;;;;;;;;;;;;;;;;289;1;0.866666667
;;;;;;;;;;;;;;;;;;;;;;;;;;;;;;;290;1;0.866666667
;;;;;;;;;;;;;;;;;;;;;;;;;;;;;;;291;1;0.866666667
;;;;;;;;;;;;;;;;;;;;;;;;;;;;;;;292;1;0.866666667
;;;;;;;;;;;;;;;;;;;;;;;;;;;;;;;293;1;0.866666667
;;;;;;;;;;;;;;;;;;;;;;;;;;;;;;;294;1;0.866666667
;;;;;;;;;;;;;;;;;;;;;;;;;;;;;;;295;1;0.833333333
;;;;;;;;;;;;;;;;;;;;;;;;;;;;;;;296;1;0.833333333
;;;;;;;;;;;;;;;;;;;;;;;;;;;;;;;297;1;0.8
;;;;;;;;;;;;;;;;;;;;;;;;;;;;;;;298;1;0.8
;;;;;;;;;;;;;;;;;;;;;;;;;;;;;;;299;1;0.8
;;;;;;;;;;;;;;;;;;;;;;;;;;;;;;;300;1;0.8
;;;;;;;;;;;;;;;;;;;;;;;;;;;;;;;301;1;0.8
;;;;;;;;;;;;;;;;;;;;;;;;;;;;;;;302;1;0.8
;;;;;;;;;;;;;;;;;;;;;;;;;;;;;;;303;1;0.8
;;;;;;;;;;;;;;;;;;;;;;;;;;;;;;;304;1;0.8
;;;;;;;;;;;;;;;;;;;;;;;;;;;;;;;305;1;0.766666667
;;;;;;;;;;;;;;;;;;;;;;;;;;;;;;;306;1;0.766666667
;;;;;;;;;;;;;;;;;;;;;;;;;;;;;;;307;1;0.733333333
;;;;;;;;;;;;;;;;;;;;;;;;;;;;;;;308;1;0.766666667
;;;;;;;;;;;;;;;;;;;;;;;;;;;;;;;309;1;0.766666667
;;;;;;;;;;;;;;;;;;;;;;;;;;;;;;;310;1;0.766666667
;;;;;;;;;;;;;;;;;;;;;;;;;;;;;;;311;1;0.766666667
;;;;;;;;;;;;;;;;;;;;;;;;;;;;;;;312;1;0.8
;;;;;;;;;;;;;;;;;;;;;;;;;;;;;;;313;1;0.766666667
;;;;;;;;;;;;;;;;;;;;;;;;;;;;;;;314;1;0.766666667
;;;;;;;;;;;;;;;;;;;;;;;;;;;;;;;315;1;0.766666667
;;;;;;;;;;;;;;;;;;;;;;;;;;;;;;;316;1;0.766666667
;;;;;;;;;;;;;;;;;;;;;;;;;;;;;;;317;1;0.766666667
;;;;;;;;;;;;;;;;;;;;;;;;;;;;;;;318;1;0.733333333
;;;;;;;;;;;;;;;;;;;;;;;;;;;;;;;319;1;0.733333333
;;;;;;;;;;;;;;;;;;;;;;;;;;;;;;;320;1;0.7
;;;;;;;;;;;;;;;;;;;;;;;;;;;;;;;321;1;0.7
;;;;;;;;;;;;;;;;;;;;;;;;;;;;;;;322;1;0.7
;;;;;;;;;;;;;;;;;;;;;;;;;;;;;;;323;1;0.7
;;;;;;;;;;;;;;;;;;;;;;;;;;;;;;;324;1;0.7
;;;;;;;;;;;;;;;;;;;;;;;;;;;;;;;325;1;0.7
;;;;;;;;;;;;;;;;;;;;;;;;;;;;;;;326;1;0.7
;;;;;;;;;;;;;;;;;;;;;;;;;;;;;;;327;1;0.7
;;;;;;;;;;;;;;;;;;;;;;;;;;;;;;;328;1;0.7
;;;;;;;;;;;;;;;;;;;;;;;;;;;;;;;329;1;0.733333333
;;;;;;;;;;;;;;;;;;;;;;;;;;;;;;;330;1;0.733333333
;;;;;;;;;;;;;;;;;;;;;;;;;;;;;;;331;1;0.766666667
;;;;;;;;;;;;;;;;;;;;;;;;;;;;;;;332;1;0.766666667
;;;;;;;;;;;;;;;;;;;;;;;;;;;;;;;333;1;0.766666667
;;;;;;;;;;;;;;;;;;;;;;;;;;;;;;;334;1;0.766666667
;;;;;;;;;;;;;;;;;;;;;;;;;;;;;;;335;1;0.733333333
;;;;;;;;;;;;;;;;;;;;;;;;;;;;;;;336;1;0.733333333
;;;;;;;;;;;;;;;;;;;;;;;;;;;;;;;337;1;0.7
;;;;;;;;;;;;;;;;;;;;;;;;;;;;;;;338;1;0.7
;;;;;;;;;;;;;;;;;;;;;;;;;;;;;;;339;1;0.7
;;;;;;;;;;;;;;;;;;;;;;;;;;;;;;;340;1;0.733333333
;;;;;;;;;;;;;;;;;;;;;;;;;;;;;;;341;1;0.7
;;;;;;;;;;;;;;;;;;;;;;;;;;;;;;;342;1;0.666666667
;;;;;;;;;;;;;;;;;;;;;;;;;;;;;;;343;1;0.666666667
;;;;;;;;;;;;;;;;;;;;;;;;;;;;;;;344;1;0.666666667
;;;;;;;;;;;;;;;;;;;;;;;;;;;;;;;345;1;0.666666667
;;;;;;;;;;;;;;;;;;;;;;;;;;;;;;;346;1;0.633333333
;;;;;;;;;;;;;;;;;;;;;;;;;;;;;;;347;1;0.633333333
;;;;;;;;;;;;;;;;;;;;;;;;;;;;;;;348;1;0.6
;;;;;;;;;;;;;;;;;;;;;;;;;;;;;;;349;1;0.6
;;;;;;;;;;;;;;;;;;;;;;;;;;;;;;;350;1;0.633333333
;;;;;;;;;;;;;;;;;;;;;;;;;;;;;;;351;1;0.633333333
;;;;;;;;;;;;;;;;;;;;;;;;;;;;;;;352;1;0.666666667
;;;;;;;;;;;;;;;;;;;;;;;;;;;;;;;353;1;0.666666667
;;;;;;;;;;;;;;;;;;;;;;;;;;;;;;;354;1;0.633333333
;;;;;;;;;;;;;;;;;;;;;;;;;;;;;;;355;1;0.6
;;;;;;;;;;;;;;;;;;;;;;;;;;;;;;;356;1;0.566666667
;;;;;;;;;;;;;;;;;;;;;;;;;;;;;;;357;1;0.566666667
;;;;;;;;;;;;;;;;;;;;;;;;;;;;;;;358;1;0.566666667
;;;;;;;;;;;;;;;;;;;;;;;;;;;;;;;359;1;0.566666667
;;;;;;;;;;;;;;;;;;;;;;;;;;;;;;;360;1;0.566666667
;;;;;;;;;;;;;;;;;;;;;;;;;;;;;;;361;1;0.566666667
;;;;;;;;;;;;;;;;;;;;;;;;;;;;;;;362;1;0.566666667
;;;;;;;;;;;;;;;;;;;;;;;;;;;;;;;363;1;0.533333333
;;;;;;;;;;;;;;;;;;;;;;;;;;;;;;;364;1;0.533333333
;;;;;;;;;;;;;;;;;;;;;;;;;;;;;;;365;1;0.533333333
;;;;;;;;;;;;;;;;;;;;;;;;;;;;;;;366;1;0.533333333
;;;;;;;;;;;;;;;;;;;;;;;;;;;;;;;367;1;0.533333333
;;;;;;;;;;;;;;;;;;;;;;;;;;;;;;;368;1;0.533333333
;;;;;;;;;;;;;;;;;;;;;;;;;;;;;;;369;1;0.533333333
;;;;;;;;;;;;;;;;;;;;;;;;;;;;;;;370;1;0.533333333
;;;;;;;;;;;;;;;;;;;;;;;;;;;;;;;371;1;0.533333333
;;;;;;;;;;;;;;;;;;;;;;;;;;;;;;;372;1;0.566666667
;;;;;;;;;;;;;;;;;;;;;;;;;;;;;;;373;1;0.566666667
;;;;;;;;;;;;;;;;;;;;;;;;;;;;;;;374;1;0.566666667
;;;;;;;;;;;;;;;;;;;;;;;;;;;;;;;375;1;0.566666667
;;;;;;;;;;;;;;;;;;;;;;;;;;;;;;;376;1;0.566666667
;;;;;;;;;;;;;;;;;;;;;;;;;;;;;;;377;1;0.533333333
;;;;;;;;;;;;;;;;;;;;;;;;;;;;;;;378;1;0.533333333
;;;;;;;;;;;;;;;;;;;;;;;;;;;;;;;379;1;0.533333333
;;;;;;;;;;;;;;;;;;;;;;;;;;;;;;;380;1;0.566666667
;;;;;;;;;;;;;;;;;;;;;;;;;;;;;;;381;1;0.566666667
;;;;;;;;;;;;;;;;;;;;;;;;;;;;;;;382;1;0.566666667
;;;;;;;;;;;;;;;;;;;;;;;;;;;;;;;383;1;0.6
;;;;;;;;;;;;;;;;;;;;;;;;;;;;;;;384;1;0.6
;;;;;;;;;;;;;;;;;;;;;;;;;;;;;;;385;1;0.566666667
;;;;;;;;;;;;;;;;;;;;;;;;;;;;;;;386;1;0.533333333
;;;;;;;;;;;;;;;;;;;;;;;;;;;;;;;387;1;0.533333333
;;;;;;;;;;;;;;;;;;;;;;;;;;;;;;;388;1;0.5
;;;;;;;;;;;;;;;;;;;;;;;;;;;;;;;389;1;0.5
;;;;;;;;;;;;;;;;;;;;;;;;;;;;;;;390;1;0.5
;;;;;;;;;;;;;;;;;;;;;;;;;;;;;;;391;1;0.466666667
;;;;;;;;;;;;;;;;;;;;;;;;;;;;;;;392;1;0.466666667
;;;;;;;;;;;;;;;;;;;;;;;;;;;;;;;393;1;0.466666667
;;;;;;;;;;;;;;;;;;;;;;;;;;;;;;;394;1;0.5
;;;;;;;;;;;;;;;;;;;;;;;;;;;;;;;395;1;0.466666667
;;;;;;;;;;;;;;;;;;;;;;;;;;;;;;;396;1;0.466666667
;;;;;;;;;;;;;;;;;;;;;;;;;;;;;;;397;1;0.466666667
;;;;;;;;;;;;;;;;;;;;;;;;;;;;;;;398;1;0.433333333
;;;;;;;;;;;;;;;;;;;;;;;;;;;;;;;399;1;0.433333333
;;;;;;;;;;;;;;;;;;;;;;;;;;;;;;;400;1;0.433333333
;;;;;;;;;;;;;;;;;;;;;;;;;;;;;;;401;1;0.433333333
;;;;;;;;;;;;;;;;;;;;;;;;;;;;;;;402;1;0.433333333
;;;;;;;;;;;;;;;;;;;;;;;;;;;;;;;403;1;0.433333333
;;;;;;;;;;;;;;;;;;;;;;;;;;;;;;;404;1;0.4
;;;;;;;;;;;;;;;;;;;;;;;;;;;;;;;405;1;0.433333333
;;;;;;;;;;;;;;;;;;;;;;;;;;;;;;;406;1;0.433333333
;;;;;;;;;;;;;;;;;;;;;;;;;;;;;;;407;1;0.466666667
;;;;;;;;;;;;;;;;;;;;;;;;;;;;;;;408;1;0.433333333
;;;;;;;;;;;;;;;;;;;;;;;;;;;;;;;409;1;0.466666667
;;;;;;;;;;;;;;;;;;;;;;;;;;;;;;;410;1;0.466666667
;;;;;;;;;;;;;;;;;;;;;;;;;;;;;;;411;1;0.466666667
;;;;;;;;;;;;;;;;;;;;;;;;;;;;;;;412;1;0.466666667
;;;;;;;;;;;;;;;;;;;;;;;;;;;;;;;413;1;0.5
;;;;;;;;;;;;;;;;;;;;;;;;;;;;;;;414;1;0.5
;;;;;;;;;;;;;;;;;;;;;;;;;;;;;;;415;1;0.5
;;;;;;;;;;;;;;;;;;;;;;;;;;;;;;;416;1;0.533333333
;;;;;;;;;;;;;;;;;;;;;;;;;;;;;;;417;1;0.5
;;;;;;;;;;;;;;;;;;;;;;;;;;;;;;;418;1;0.5
;;;;;;;;;;;;;;;;;;;;;;;;;;;;;;;419;1;0.5
;;;;;;;;;;;;;;;;;;;;;;;;;;;;;;;420;1;0.466666667
;;;;;;;;;;;;;;;;;;;;;;;;;;;;;;;421;1;0.5
;;;;;;;;;;;;;;;;;;;;;;;;;;;;;;;422;1;0.533333333
;;;;;;;;;;;;;;;;;;;;;;;;;;;;;;;423;1;0.566666667
;;;;;;;;;;;;;;;;;;;;;;;;;;;;;;;424;1;0.533333333
;;;;;;;;;;;;;;;;;;;;;;;;;;;;;;;425;1;0.5
;;;;;;;;;;;;;;;;;;;;;;;;;;;;;;;426;1;0.5
;;;;;;;;;;;;;;;;;;;;;;;;;;;;;;;427;1;0.5
;;;;;;;;;;;;;;;;;;;;;;;;;;;;;;;428;1;0.533333333
;;;;;;;;;;;;;;;;;;;;;;;;;;;;;;;429;1;0.566666667
;;;;;;;;;;;;;;;;;;;;;;;;;;;;;;;430;1;0.566666667
;;;;;;;;;;;;;;;;;;;;;;;;;;;;;;;431;1;0.566666667
;;;;;;;;;;;;;;;;;;;;;;;;;;;;;;;432;1;0.566666667
;;;;;;;;;;;;;;;;;;;;;;;;;;;;;;;433;1;0.566666667
;;;;;;;;;;;;;;;;;;;;;;;;;;;;;;;434;1;0.566666667
;;;;;;;;;;;;;;;;;;;;;;;;;;;;;;;435;1;0.566666667
;;;;;;;;;;;;;;;;;;;;;;;;;;;;;;;436;1;0.533333333
;;;;;;;;;;;;;;;;;;;;;;;;;;;;;;;437;1;0.5
;;;;;;;;;;;;;;;;;;;;;;;;;;;;;;;438;1;0.5
;;;;;;;;;;;;;;;;;;;;;;;;;;;;;;;439;1;0.533333333
;;;;;;;;;;;;;;;;;;;;;;;;;;;;;;;440;1;0.533333333
;;;;;;;;;;;;;;;;;;;;;;;;;;;;;;;441;1;0.533333333
;;;;;;;;;;;;;;;;;;;;;;;;;;;;;;;442;1;0.533333333
;;;;;;;;;;;;;;;;;;;;;;;;;;;;;;;443;1;0.5
;;;;;;;;;;;;;;;;;;;;;;;;;;;;;;;444;1;0.466666667
;;;;;;;;;;;;;;;;;;;;;;;;;;;;;;;445;1;0.466666667
;;;;;;;;;;;;;;;;;;;;;;;;;;;;;;;446;1;0.466666667
;;;;;;;;;;;;;;;;;;;;;;;;;;;;;;;447;1;0.466666667
;;;;;;;;;;;;;;;;;;;;;;;;;;;;;;;448;1;0.466666667
;;;;;;;;;;;;;;;;;;;;;;;;;;;;;;;449;1;0.5
;;;;;;;;;;;;;;;;;;;;;;;;;;;;;;;450;1;0.466666667
;;;;;;;;;;;;;;;;;;;;;;;;;;;;;;;451;1;0.466666667
;;;;;;;;;;;;;;;;;;;;;;;;;;;;;;;452;1;0.466666667
;;;;;;;;;;;;;;;;;;;;;;;;;;;;;;;453;1;0.466666667
;;;;;;;;;;;;;;;;;;;;;;;;;;;;;;;454;1;0.466666667
;;;;;;;;;;;;;;;;;;;;;;;;;;;;;;;455;1;0.466666667
;;;;;;;;;;;;;;;;;;;;;;;;;;;;;;;456;1;0.466666667
;;;;;;;;;;;;;;;;;;;;;;;;;;;;;;;457;1;0.5
;;;;;;;;;;;;;;;;;;;;;;;;;;;;;;;458;1;0.5
;;;;;;;;;;;;;;;;;;;;;;;;;;;;;;;459;1;0.5
;;;;;;;;;;;;;;;;;;;;;;;;;;;;;;;460;1;0.466666667
;;;;;;;;;;;;;;;;;;;;;;;;;;;;;;;461;1;0.466666667
;;;;;;;;;;;;;;;;;;;;;;;;;;;;;;;462;1;0.466666667
;;;;;;;;;;;;;;;;;;;;;;;;;;;;;;;463;1;0.466666667
;;;;;;;;;;;;;;;;;;;;;;;;;;;;;;;464;1;0.466666667
;;;;;;;;;;;;;;;;;;;;;;;;;;;;;;;465;1;0.466666667
;;;;;;;;;;;;;;;;;;;;;;;;;;;;;;;466;1;0.433333333
;;;;;;;;;;;;;;;;;;;;;;;;;;;;;;;467;1;0.4
;;;;;;;;;;;;;;;;;;;;;;;;;;;;;;;468;1;0.433333333
;;;;;;;;;;;;;;;;;;;;;;;;;;;;;;;469;1;0.433333333
;;;;;;;;;;;;;;;;;;;;;;;;;;;;;;;470;1;0.433333333
;;;;;;;;;;;;;;;;;;;;;;;;;;;;;;;471;1;0.433333333
;;;;;;;;;;;;;;;;;;;;;;;;;;;;;;;472;1;0.433333333
;;;;;;;;;;;;;;;;;;;;;;;;;;;;;;;473;1;0.4
;;;;;;;;;;;;;;;;;;;;;;;;;;;;;;;474;1;0.4
;;;;;;;;;;;;;;;;;;;;;;;;;;;;;;;475;1;0.4
;;;;;;;;;;;;;;;;;;;;;;;;;;;;;;;476;1;0.4
;;;;;;;;;;;;;;;;;;;;;;;;;;;;;;;477;1;0.4
;;;;;;;;;;;;;;;;;;;;;;;;;;;;;;;478;1;0.366666667
;;;;;;;;;;;;;;;;;;;;;;;;;;;;;;;479;1;0.366666667
;;;;;;;;;;;;;;;;;;;;;;;;;;;;;;;480;1;0.366666667
;;;;;;;;;;;;;;;;;;;;;;;;;;;;;;;481;1;0.366666667
;;;;;;;;;;;;;;;;;;;;;;;;;;;;;;;482;1;0.366666667
;;;;;;;;;;;;;;;;;;;;;;;;;;;;;;;483;1;0.366666667
;;;;;;;;;;;;;;;;;;;;;;;;;;;;;;;484;1;0.366666667
;;;;;;;;;;;;;;;;;;;;;;;;;;;;;;;485;1;0.333333333
;;;;;;;;;;;;;;;;;;;;;;;;;;;;;;;486;1;0.333333333
;;;;;;;;;;;;;;;;;;;;;;;;;;;;;;;487;1;0.333333333
;;;;;;;;;;;;;;;;;;;;;;;;;;;;;;;488;1;0.3
;;;;;;;;;;;;;;;;;;;;;;;;;;;;;;;489;1;0.3
;;;;;;;;;;;;;;;;;;;;;;;;;;;;;;;490;1;0.3
;;;;;;;;;;;;;;;;;;;;;;;;;;;;;;;491;1;0.333333333
;;;;;;;;;;;;;;;;;;;;;;;;;;;;;;;492;1;0.333333333
;;;;;;;;;;;;;;;;;;;;;;;;;;;;;;;493;1;0.333333333
;;;;;;;;;;;;;;;;;;;;;;;;;;;;;;;494;1;0.333333333
;;;;;;;;;;;;;;;;;;;;;;;;;;;;;;;495;1;0.366666667
;;;;;;;;;;;;;;;;;;;;;;;;;;;;;;;496;1;0.4
;;;;;;;;;;;;;;;;;;;;;;;;;;;;;;;497;1;0.433333333
;;;;;;;;;;;;;;;;;;;;;;;;;;;;;;;498;1;0.433333333
;;;;;;;;;;;;;;;;;;;;;;;;;;;;;;;499;1;0.433333333
;;;;;;;;;;;;;;;;;;;;;;;;;;;;;;;500;1;0.433333333
;;;;;;;;;;;;;;;;;;;;;;;;;;;;;;;501;1;0.433333333
;;;;;;;;;;;;;;;;;;;;;;;;;;;;;;;502;1;0.466666667
;;;;;;;;;;;;;;;;;;;;;;;;;;;;;;;503;1;0.433333333
;;;;;;;;;;;;;;;;;;;;;;;;;;;;;;;504;1;0.466666667
;;;;;;;;;;;;;;;;;;;;;;;;;;;;;;;505;1;0.433333333
;;;;;;;;;;;;;;;;;;;;;;;;;;;;;;;506;1;0.4
;;;;;;;;;;;;;;;;;;;;;;;;;;;;;;;507;1;0.4
;;;;;;;;;;;;;;;;;;;;;;;;;;;;;;;508;1;0.4
;;;;;;;;;;;;;;;;;;;;;;;;;;;;;;;509;1;0.4
;;;;;;;;;;;;;;;;;;;;;;;;;;;;;;;510;1;0.4
;;;;;;;;;;;;;;;;;;;;;;;;;;;;;;;511;1;0.366666667
;;;;;;;;;;;;;;;;;;;;;;;;;;;;;;;512;1;0.366666667
;;;;;;;;;;;;;;;;;;;;;;;;;;;;;;;513;1;0.4
;;;;;;;;;;;;;;;;;;;;;;;;;;;;;;;514;1;0.4
;;;;;;;;;;;;;;;;;;;;;;;;;;;;;;;515;1;0.4
;;;;;;;;;;;;;;;;;;;;;;;;;;;;;;;516;1;0.4
;;;;;;;;;;;;;;;;;;;;;;;;;;;;;;;517;1;0.433333333
;;;;;;;;;;;;;;;;;;;;;;;;;;;;;;;518;1;0.433333333
;;;;;;;;;;;;;;;;;;;;;;;;;;;;;;;519;1;0.433333333
;;;;;;;;;;;;;;;;;;;;;;;;;;;;;;;520;1;0.433333333
;;;;;;;;;;;;;;;;;;;;;;;;;;;;;;;521;1;0.466666667
;;;;;;;;;;;;;;;;;;;;;;;;;;;;;;;522;1;0.466666667
;;;;;;;;;;;;;;;;;;;;;;;;;;;;;;;523;1;0.466666667
;;;;;;;;;;;;;;;;;;;;;;;;;;;;;;;524;1;0.466666667
;;;;;;;;;;;;;;;;;;;;;;;;;;;;;;;525;1;0.466666667
;;;;;;;;;;;;;;;;;;;;;;;;;;;;;;;526;1;0.433333333
;;;;;;;;;;;;;;;;;;;;;;;;;;;;;;;527;1;0.466666667
;;;;;;;;;;;;;;;;;;;;;;;;;;;;;;;528;1;0.466666667
;;;;;;;;;;;;;;;;;;;;;;;;;;;;;;;529;1;0.466666667
;;;;;;;;;;;;;;;;;;;;;;;;;;;;;;;530;1;0.466666667
;;;;;;;;;;;;;;;;;;;;;;;;;;;;;;;531;1;0.466666667
;;;;;;;;;;;;;;;;;;;;;;;;;;;;;;;532;1;0.466666667
;;;;;;;;;;;;;;;;;;;;;;;;;;;;;;;533;1;0.5
;;;;;;;;;;;;;;;;;;;;;;;;;;;;;;;534;1;0.5
;;;;;;;;;;;;;;;;;;;;;;;;;;;;;;;535;1;0.533333333
;;;;;;;;;;;;;;;;;;;;;;;;;;;;;;;536;1;0.533333333
;;;;;;;;;;;;;;;;;;;;;;;;;;;;;;;537;1;0.533333333
;;;;;;;;;;;;;;;;;;;;;;;;;;;;;;;538;1;0.566666667
;;;;;;;;;;;;;;;;;;;;;;;;;;;;;;;539;1;0.566666667
;;;;;;;;;;;;;;;;;;;;;;;;;;;;;;;540;1;0.6
;;;;;;;;;;;;;;;;;;;;;;;;;;;;;;;541;1;0.566666667
;;;;;;;;;;;;;;;;;;;;;;;;;;;;;;;542;1;0.566666667
;;;;;;;;;;;;;;;;;;;;;;;;;;;;;;;543;1;0.533333333
;;;;;;;;;;;;;;;;;;;;;;;;;;;;;;;544;1;0.5
;;;;;;;;;;;;;;;;;;;;;;;;;;;;;;;545;1;0.5
;;;;;;;;;;;;;;;;;;;;;;;;;;;;;;;546;1;0.5
;;;;;;;;;;;;;;;;;;;;;;;;;;;;;;;547;1;0.5
;;;;;;;;;;;;;;;;;;;;;;;;;;;;;;;548;1;0.466666667
;;;;;;;;;;;;;;;;;;;;;;;;;;;;;;;549;1;0.466666667
;;;;;;;;;;;;;;;;;;;;;;;;;;;;;;;550;1;0.5
;;;;;;;;;;;;;;;;;;;;;;;;;;;;;;;551;1;0.533333333
;;;;;;;;;;;;;;;;;;;;;;;;;;;;;;;552;1;0.533333333
;;;;;;;;;;;;;;;;;;;;;;;;;;;;;;;553;1;0.5
;;;;;;;;;;;;;;;;;;;;;;;;;;;;;;;554;1;0.5
;;;;;;;;;;;;;;;;;;;;;;;;;;;;;;;555;1;0.5
;;;;;;;;;;;;;;;;;;;;;;;;;;;;;;;556;1;0.5
;;;;;;;;;;;;;;;;;;;;;;;;;;;;;;;557;1;0.533333333
;;;;;;;;;;;;;;;;;;;;;;;;;;;;;;;558;1;0.533333333
;;;;;;;;;;;;;;;;;;;;;;;;;;;;;;;559;1;0.533333333
;;;;;;;;;;;;;;;;;;;;;;;;;;;;;;;560;1;0.533333333
;;;;;;;;;;;;;;;;;;;;;;;;;;;;;;;561;1;0.533333333
;;;;;;;;;;;;;;;;;;;;;;;;;;;;;;;562;1;0.5
;;;;;;;;;;;;;;;;;;;;;;;;;;;;;;;563;1;0.5
;;;;;;;;;;;;;;;;;;;;;;;;;;;;;;;564;1;0.5
;;;;;;;;;;;;;;;;;;;;;;;;;;;;;;;565;1;0.5
;;;;;;;;;;;;;;;;;;;;;;;;;;;;;;;566;1;0.466666667
;;;;;;;;;;;;;;;;;;;;;;;;;;;;;;;567;1;0.466666667
;;;;;;;;;;;;;;;;;;;;;;;;;;;;;;;568;1;0.466666667
;;;;;;;;;;;;;;;;;;;;;;;;;;;;;;;569;1;0.466666667
;;;;;;;;;;;;;;;;;;;;;;;;;;;;;;;570;1;0.466666667
;;;;;;;;;;;;;;;;;;;;;;;;;;;;;;;571;1;0.466666667
;;;;;;;;;;;;;;;;;;;;;;;;;;;;;;;572;1;0.433333333
;;;;;;;;;;;;;;;;;;;;;;;;;;;;;;;573;1;0.4
;;;;;;;;;;;;;;;;;;;;;;;;;;;;;;;574;1;0.4
;;;;;;;;;;;;;;;;;;;;;;;;;;;;;;;575;1;0.433333333
;;;;;;;;;;;;;;;;;;;;;;;;;;;;;;;576;1;0.433333333
;;;;;;;;;;;;;;;;;;;;;;;;;;;;;;;577;1;0.433333333
;;;;;;;;;;;;;;;;;;;;;;;;;;;;;;;578;1;0.4
;;;;;;;;;;;;;;;;;;;;;;;;;;;;;;;579;1;0.4
;;;;;;;;;;;;;;;;;;;;;;;;;;;;;;;580;1;0.4
;;;;;;;;;;;;;;;;;;;;;;;;;;;;;;;581;1;0.4
;;;;;;;;;;;;;;;;;;;;;;;;;;;;;;;582;1;0.4
;;;;;;;;;;;;;;;;;;;;;;;;;;;;;;;583;1;0.4
;;;;;;;;;;;;;;;;;;;;;;;;;;;;;;;584;1;0.366666667
;;;;;;;;;;;;;;;;;;;;;;;;;;;;;;;585;1;0.366666667
;;;;;;;;;;;;;;;;;;;;;;;;;;;;;;;586;1;0.366666667
;;;;;;;;;;;;;;;;;;;;;;;;;;;;;;;587;1;0.366666667
;;;;;;;;;;;;;;;;;;;;;;;;;;;;;;;588;1;0.4
;;;;;;;;;;;;;;;;;;;;;;;;;;;;;;;589;1;0.366666667
;;;;;;;;;;;;;;;;;;;;;;;;;;;;;;;590;1;0.366666667
;;;;;;;;;;;;;;;;;;;;;;;;;;;;;;;591;1;0.4
;;;;;;;;;;;;;;;;;;;;;;;;;;;;;;;592;1;0.4
;;;;;;;;;;;;;;;;;;;;;;;;;;;;;;;593;1;0.366666667
;;;;;;;;;;;;;;;;;;;;;;;;;;;;;;;594;1;0.366666667
;;;;;;;;;;;;;;;;;;;;;;;;;;;;;;;595;1;0.4
;;;;;;;;;;;;;;;;;;;;;;;;;;;;;;;596;1;0.433333333
;;;;;;;;;;;;;;;;;;;;;;;;;;;;;;;597;1;0.433333333
;;;;;;;;;;;;;;;;;;;;;;;;;;;;;;;598;1;0.433333333
;;;;;;;;;;;;;;;;;;;;;;;;;;;;;;;599;1;0.4
;;;;;;;;;;;;;;;;;;;;;;;;;;;;;;;600;1;0.4
;;;;;;;;;;;;;;;;;;;;;;;;;;;;;;;601;1;0.366666667
;;;;;;;;;;;;;;;;;;;;;;;;;;;;;;;602;1;0.333333333
;;;;;;;;;;;;;;;;;;;;;;;;;;;;;;;603;1;0.333333333
;;;;;;;;;;;;;;;;;;;;;;;;;;;;;;;604;1;0.333333333
;;;;;;;;;;;;;;;;;;;;;;;;;;;;;;;605;1;0.3
;;;;;;;;;;;;;;;;;;;;;;;;;;;;;;;606;1;0.3
;;;;;;;;;;;;;;;;;;;;;;;;;;;;;;;607;1;0.3
;;;;;;;;;;;;;;;;;;;;;;;;;;;;;;;608;1;0.3
;;;;;;;;;;;;;;;;;;;;;;;;;;;;;;;609;1;0.333333333
;;;;;;;;;;;;;;;;;;;;;;;;;;;;;;;610;1;0.3
;;;;;;;;;;;;;;;;;;;;;;;;;;;;;;;611;1;0.3
;;;;;;;;;;;;;;;;;;;;;;;;;;;;;;;612;1;0.3
;;;;;;;;;;;;;;;;;;;;;;;;;;;;;;;613;1;0.333333333
;;;;;;;;;;;;;;;;;;;;;;;;;;;;;;;614;1;0.333333333
;;;;;;;;;;;;;;;;;;;;;;;;;;;;;;;615;1;0.333333333
;;;;;;;;;;;;;;;;;;;;;;;;;;;;;;;616;1;0.333333333
;;;;;;;;;;;;;;;;;;;;;;;;;;;;;;;617;1;0.3
;;;;;;;;;;;;;;;;;;;;;;;;;;;;;;;618;1;0.3
;;;;;;;;;;;;;;;;;;;;;;;;;;;;;;;619;1;0.3
;;;;;;;;;;;;;;;;;;;;;;;;;;;;;;;620;1;0.3
;;;;;;;;;;;;;;;;;;;;;;;;;;;;;;;621;1;0.3
;;;;;;;;;;;;;;;;;;;;;;;;;;;;;;;622;1;0.266666667
;;;;;;;;;;;;;;;;;;;;;;;;;;;;;;;623;1;0.233333333
;;;;;;;;;;;;;;;;;;;;;;;;;;;;;;;624;1;0.233333333
;;;;;;;;;;;;;;;;;;;;;;;;;;;;;;;625;1;0.233333333
;;;;;;;;;;;;;;;;;;;;;;;;;;;;;;;626;1;0.233333333
;;;;;;;;;;;;;;;;;;;;;;;;;;;;;;;627;1;0.266666667
;;;;;;;;;;;;;;;;;;;;;;;;;;;;;;;628;1;0.266666667
;;;;;;;;;;;;;;;;;;;;;;;;;;;;;;;629;1;0.266666667
;;;;;;;;;;;;;;;;;;;;;;;;;;;;;;;630;1;0.3
;;;;;;;;;;;;;;;;;;;;;;;;;;;;;;;631;1;0.3
;;;;;;;;;;;;;;;;;;;;;;;;;;;;;;;632;1;0.3
;;;;;;;;;;;;;;;;;;;;;;;;;;;;;;;633;1;0.3
;;;;;;;;;;;;;;;;;;;;;;;;;;;;;;;634;1;0.3
;;;;;;;;;;;;;;;;;;;;;;;;;;;;;;;635;1;0.3
;;;;;;;;;;;;;;;;;;;;;;;;;;;;;;;636;1;0.333333333
;;;;;;;;;;;;;;;;;;;;;;;;;;;;;;;637;1;0.333333333
;;;;;;;;;;;;;;;;;;;;;;;;;;;;;;;638;1;0.333333333
;;;;;;;;;;;;;;;;;;;;;;;;;;;;;;;639;1;0.333333333
;;;;;;;;;;;;;;;;;;;;;;;;;;;;;;;640;1;0.333333333
;;;;;;;;;;;;;;;;;;;;;;;;;;;;;;;641;1;0.333333333
;;;;;;;;;;;;;;;;;;;;;;;;;;;;;;;642;1;0.333333333
;;;;;;;;;;;;;;;;;;;;;;;;;;;;;;;643;1;0.333333333
;;;;;;;;;;;;;;;;;;;;;;;;;;;;;;;644;1;0.333333333
;;;;;;;;;;;;;;;;;;;;;;;;;;;;;;;645;1;0.366666667
;;;;;;;;;;;;;;;;;;;;;;;;;;;;;;;646;1;0.333333333
;;;;;;;;;;;;;;;;;;;;;;;;;;;;;;;647;1;0.333333333
;;;;;;;;;;;;;;;;;;;;;;;;;;;;;;;648;1;0.333333333
;;;;;;;;;;;;;;;;;;;;;;;;;;;;;;;649;1;0.333333333
;;;;;;;;;;;;;;;;;;;;;;;;;;;;;;;650;1;0.366666667
;;;;;;;;;;;;;;;;;;;;;;;;;;;;;;;651;1;0.366666667
;;;;;;;;;;;;;;;;;;;;;;;;;;;;;;;652;1;0.366666667
;;;;;;;;;;;;;;;;;;;;;;;;;;;;;;;653;1;0.366666667
;;;;;;;;;;;;;;;;;;;;;;;;;;;;;;;654;1;0.366666667
;;;;;;;;;;;;;;;;;;;;;;;;;;;;;;;655;1;0.333333333
;;;;;;;;;;;;;;;;;;;;;;;;;;;;;;;656;1;0.333333333
;;;;;;;;;;;;;;;;;;;;;;;;;;;;;;;657;1;0.333333333
;;;;;;;;;;;;;;;;;;;;;;;;;;;;;;;658;1;0.3
;;;;;;;;;;;;;;;;;;;;;;;;;;;;;;;659;1;0.3
;;;;;;;;;;;;;;;;;;;;;;;;;;;;;;;660;1;0.333333333
;;;;;;;;;;;;;;;;;;;;;;;;;;;;;;;661;1;0.333333333
;;;;;;;;;;;;;;;;;;;;;;;;;;;;;;;662;1;0.3
;;;;;;;;;;;;;;;;;;;;;;;;;;;;;;;663;1;0.3
;;;;;;;;;;;;;;;;;;;;;;;;;;;;;;;664;1;0.266666667
;;;;;;;;;;;;;;;;;;;;;;;;;;;;;;;665;1;0.266666667
;;;;;;;;;;;;;;;;;;;;;;;;;;;;;;;666;1;0.266666667
;;;;;;;;;;;;;;;;;;;;;;;;;;;;;;;667;1;0.3
;;;;;;;;;;;;;;;;;;;;;;;;;;;;;;;668;1;0.3
;;;;;;;;;;;;;;;;;;;;;;;;;;;;;;;669;1;0.333333333
;;;;;;;;;;;;;;;;;;;;;;;;;;;;;;;670;1;0.366666667
;;;;;;;;;;;;;;;;;;;;;;;;;;;;;;;671;1;0.366666667
;;;;;;;;;;;;;;;;;;;;;;;;;;;;;;;672;1;0.366666667
;;;;;;;;;;;;;;;;;;;;;;;;;;;;;;;673;1;0.4
;;;;;;;;;;;;;;;;;;;;;;;;;;;;;;;674;1;0.4
;;;;;;;;;;;;;;;;;;;;;;;;;;;;;;;675;1;0.4
;;;;;;;;;;;;;;;;;;;;;;;;;;;;;;;676;1;0.4
;;;;;;;;;;;;;;;;;;;;;;;;;;;;;;;677;1;0.4
;;;;;;;;;;;;;;;;;;;;;;;;;;;;;;;678;1;0.366666667
;;;;;;;;;;;;;;;;;;;;;;;;;;;;;;;679;1;0.366666667
;;;;;;;;;;;;;;;;;;;;;;;;;;;;;;;680;1;0.4
;;;;;;;;;;;;;;;;;;;;;;;;;;;;;;;681;1;0.4
;;;;;;;;;;;;;;;;;;;;;;;;;;;;;;;682;1;0.4
;;;;;;;;;;;;;;;;;;;;;;;;;;;;;;;683;1;0.4
;;;;;;;;;;;;;;;;;;;;;;;;;;;;;;;684;1;0.4
;;;;;;;;;;;;;;;;;;;;;;;;;;;;;;;685;1;0.4
;;;;;;;;;;;;;;;;;;;;;;;;;;;;;;;686;1;0.4
;;;;;;;;;;;;;;;;;;;;;;;;;;;;;;;687;1;0.366666667
;;;;;;;;;;;;;;;;;;;;;;;;;;;;;;;688;1;0.366666667
;;;;;;;;;;;;;;;;;;;;;;;;;;;;;;;689;1;0.333333333
;;;;;;;;;;;;;;;;;;;;;;;;;;;;;;;690;1;0.3
;;;;;;;;;;;;;;;;;;;;;;;;;;;;;;;691;1;0.3
;;;;;;;;;;;;;;;;;;;;;;;;;;;;;;;692;1;0.266666667
;;;;;;;;;;;;;;;;;;;;;;;;;;;;;;;693;1;0.266666667
;;;;;;;;;;;;;;;;;;;;;;;;;;;;;;;694;1;0.266666667
;;;;;;;;;;;;;;;;;;;;;;;;;;;;;;;695;1;0.266666667
;;;;;;;;;;;;;;;;;;;;;;;;;;;;;;;696;1;0.266666667
;;;;;;;;;;;;;;;;;;;;;;;;;;;;;;;697;1;0.266666667
;;;;;;;;;;;;;;;;;;;;;;;;;;;;;;;698;1;0.266666667
;;;;;;;;;;;;;;;;;;;;;;;;;;;;;;;699;1;0.266666667
;;;;;;;;;;;;;;;;;;;;;;;;;;;;;;;700;1;0.266666667
;;;;;;;;;;;;;;;;;;;;;;;;;;;;;;;701;1;0.266666667
;;;;;;;;;;;;;;;;;;;;;;;;;;;;;;;702;1;0.266666667
;;;;;;;;;;;;;;;;;;;;;;;;;;;;;;;703;1;0.266666667
;;;;;;;;;;;;;;;;;;;;;;;;;;;;;;;704;1;0.233333333
;;;;;;;;;;;;;;;;;;;;;;;;;;;;;;;705;1;0.233333333
;;;;;;;;;;;;;;;;;;;;;;;;;;;;;;;706;1;0.233333333
;;;;;;;;;;;;;;;;;;;;;;;;;;;;;;;707;1;0.233333333
;;;;;;;;;;;;;;;;;;;;;;;;;;;;;;;708;1;0.233333333
;;;;;;;;;;;;;;;;;;;;;;;;;;;;;;;709;1;0.233333333
;;;;;;;;;;;;;;;;;;;;;;;;;;;;;;;710;1;0.266666667
;;;;;;;;;;;;;;;;;;;;;;;;;;;;;;;711;1;0.266666667
;;;;;;;;;;;;;;;;;;;;;;;;;;;;;;;712;1;0.233333333
;;;;;;;;;;;;;;;;;;;;;;;;;;;;;;;713;1;0.233333333
;;;;;;;;;;;;;;;;;;;;;;;;;;;;;;;714;1;0.233333333
;;;;;;;;;;;;;;;;;;;;;;;;;;;;;;;715;1;0.233333333
;;;;;;;;;;;;;;;;;;;;;;;;;;;;;;;716;1;0.233333333
;;;;;;;;;;;;;;;;;;;;;;;;;;;;;;;717;1;0.233333333
;;;;;;;;;;;;;;;;;;;;;;;;;;;;;;;718;1;0.233333333
;;;;;;;;;;;;;;;;;;;;;;;;;;;;;;;719;1;0.233333333
;;;;;;;;;;;;;;;;;;;;;;;;;;;;;;;720;1;0.233333333
;;;;;;;;;;;;;;;;;;;;;;;;;;;;;;;721;1;0.266666667
;;;;;;;;;;;;;;;;;;;;;;;;;;;;;;;722;1;0.233333333
;;;;;;;;;;;;;;;;;;;;;;;;;;;;;;;723;1;0.233333333
;;;;;;;;;;;;;;;;;;;;;;;;;;;;;;;724;1;0.233333333
;;;;;;;;;;;;;;;;;;;;;;;;;;;;;;;725;1;0.233333333
;;;;;;;;;;;;;;;;;;;;;;;;;;;;;;;726;1;0.233333333
;;;;;;;;;;;;;;;;;;;;;;;;;;;;;;;727;1;0.233333333
;;;;;;;;;;;;;;;;;;;;;;;;;;;;;;;728;1;0.233333333
;;;;;;;;;;;;;;;;;;;;;;;;;;;;;;;729;1;0.233333333
;;;;;;;;;;;;;;;;;;;;;;;;;;;;;;;730;1;0.233333333
;;;;;;;;;;;;;;;;;;;;;;;;;;;;;;;731;1;0.233333333
;;;;;;;;;;;;;;;;;;;;;;;;;;;;;;;732;1;0.233333333
;;;;;;;;;;;;;;;;;;;;;;;;;;;;;;;733;1;0.233333333
;;;;;;;;;;;;;;;;;;;;;;;;;;;;;;;734;1;0.266666667
;;;;;;;;;;;;;;;;;;;;;;;;;;;;;;;735;1;0.266666667
;;;;;;;;;;;;;;;;;;;;;;;;;;;;;;;736;1;0.266666667
;;;;;;;;;;;;;;;;;;;;;;;;;;;;;;;737;1;0.266666667
;;;;;;;;;;;;;;;;;;;;;;;;;;;;;;;738;1;0.266666667
;;;;;;;;;;;;;;;;;;;;;;;;;;;;;;;739;1;0.266666667
;;;;;;;;;;;;;;;;;;;;;;;;;;;;;;;740;1;0.266666667
;;;;;;;;;;;;;;;;;;;;;;;;;;;;;;;741;1;0.233333333
;;;;;;;;;;;;;;;;;;;;;;;;;;;;;;;742;1;0.233333333
;;;;;;;;;;;;;;;;;;;;;;;;;;;;;;;743;1;0.233333333
;;;;;;;;;;;;;;;;;;;;;;;;;;;;;;;744;1;0.233333333
;;;;;;;;;;;;;;;;;;;;;;;;;;;;;;;745;1;0.266666667
;;;;;;;;;;;;;;;;;;;;;;;;;;;;;;;746;1;0.266666667
;;;;;;;;;;;;;;;;;;;;;;;;;;;;;;;747;1;0.266666667
;;;;;;;;;;;;;;;;;;;;;;;;;;;;;;;748;1;0.233333333
;;;;;;;;;;;;;;;;;;;;;;;;;;;;;;;749;1;0.233333333
;;;;;;;;;;;;;;;;;;;;;;;;;;;;;;;750;1;0.233333333
;;;;;;;;;;;;;;;;;;;;;;;;;;;;;;;751;1;0.266666667
;;;;;;;;;;;;;;;;;;;;;;;;;;;;;;;752;1;0.266666667
;;;;;;;;;;;;;;;;;;;;;;;;;;;;;;;753;1;0.266666667
;;;;;;;;;;;;;;;;;;;;;;;;;;;;;;;754;1;0.266666667
;;;;;;;;;;;;;;;;;;;;;;;;;;;;;;;755;1;0.266666667
;;;;;;;;;;;;;;;;;;;;;;;;;;;;;;;756;1;0.233333333
;;;;;;;;;;;;;;;;;;;;;;;;;;;;;;;757;1;0.233333333
;;;;;;;;;;;;;;;;;;;;;;;;;;;;;;;758;1;0.233333333
;;;;;;;;;;;;;;;;;;;;;;;;;;;;;;;759;1;0.266666667
;;;;;;;;;;;;;;;;;;;;;;;;;;;;;;;760;1;0.266666667
;;;;;;;;;;;;;;;;;;;;;;;;;;;;;;;761;1;0.266666667
;;;;;;;;;;;;;;;;;;;;;;;;;;;;;;;762;1;0.266666667
;;;;;;;;;;;;;;;;;;;;;;;;;;;;;;;763;1;0.266666667
;;;;;;;;;;;;;;;;;;;;;;;;;;;;;;;764;1;0.266666667
;;;;;;;;;;;;;;;;;;;;;;;;;;;;;;;765;1;0.233333333
;;;;;;;;;;;;;;;;;;;;;;;;;;;;;;;766;1;0.2
;;;;;;;;;;;;;;;;;;;;;;;;;;;;;;;767;1;0.2
;;;;;;;;;;;;;;;;;;;;;;;;;;;;;;;768;1;0.2
;;;;;;;;;;;;;;;;;;;;;;;;;;;;;;;769;1;0.2
;;;;;;;;;;;;;;;;;;;;;;;;;;;;;;;770;1;0.2
;;;;;;;;;;;;;;;;;;;;;;;;;;;;;;;771;1;0.2
;;;;;;;;;;;;;;;;;;;;;;;;;;;;;;;772;1;0.2
;;;;;;;;;;;;;;;;;;;;;;;;;;;;;;;773;1;0.2
;;;;;;;;;;;;;;;;;;;;;;;;;;;;;;;774;1;0.166666667
;;;;;;;;;;;;;;;;;;;;;;;;;;;;;;;775;1;0.166666667
;;;;;;;;;;;;;;;;;;;;;;;;;;;;;;;776;1;0.166666667
;;;;;;;;;;;;;;;;;;;;;;;;;;;;;;;777;1;0.166666667
;;;;;;;;;;;;;;;;;;;;;;;;;;;;;;;778;1;0.166666667
;;;;;;;;;;;;;;;;;;;;;;;;;;;;;;;779;1;0.166666667
;;;;;;;;;;;;;;;;;;;;;;;;;;;;;;;780;1;0.2
;;;;;;;;;;;;;;;;;;;;;;;;;;;;;;;781;1;0.2
;;;;;;;;;;;;;;;;;;;;;;;;;;;;;;;782;1;0.233333333
;;;;;;;;;;;;;;;;;;;;;;;;;;;;;;;783;1;0.233333333
;;;;;;;;;;;;;;;;;;;;;;;;;;;;;;;784;1;0.233333333
;;;;;;;;;;;;;;;;;;;;;;;;;;;;;;;785;1;0.233333333
;;;;;;;;;;;;;;;;;;;;;;;;;;;;;;;786;1;0.233333333
;;;;;;;;;;;;;;;;;;;;;;;;;;;;;;;787;1;0.233333333
;;;;;;;;;;;;;;;;;;;;;;;;;;;;;;;788;1;0.233333333
;;;;;;;;;;;;;;;;;;;;;;;;;;;;;;;789;1;0.233333333
;;;;;;;;;;;;;;;;;;;;;;;;;;;;;;;790;1;0.233333333
;;;;;;;;;;;;;;;;;;;;;;;;;;;;;;;791;1;0.233333333
;;;;;;;;;;;;;;;;;;;;;;;;;;;;;;;792;1;0.2
;;;;;;;;;;;;;;;;;;;;;;;;;;;;;;;793;1;0.2
;;;;;;;;;;;;;;;;;;;;;;;;;;;;;;;794;1;0.233333333
;;;;;;;;;;;;;;;;;;;;;;;;;;;;;;;795;1;0.233333333
;;;;;;;;;;;;;;;;;;;;;;;;;;;;;;;796;1;0.233333333
;;;;;;;;;;;;;;;;;;;;;;;;;;;;;;;797;1;0.233333333
;;;;;;;;;;;;;;;;;;;;;;;;;;;;;;;798;1;0.233333333
;;;;;;;;;;;;;;;;;;;;;;;;;;;;;;;799;1;0.233333333
;;;;;;;;;;;;;;;;;;;;;;;;;;;;;;;800;1;0.233333333
;;;;;;;;;;;;;;;;;;;;;;;;;;;;;;;801;1;0.233333333
;;;;;;;;;;;;;;;;;;;;;;;;;;;;;;;802;1;0.233333333
;;;;;;;;;;;;;;;;;;;;;;;;;;;;;;;803;1;0.233333333
;;;;;;;;;;;;;;;;;;;;;;;;;;;;;;;804;1;0.233333333
;;;;;;;;;;;;;;;;;;;;;;;;;;;;;;;805;1;0.233333333
;;;;;;;;;;;;;;;;;;;;;;;;;;;;;;;806;1;0.2
;;;;;;;;;;;;;;;;;;;;;;;;;;;;;;;807;1;0.2
;;;;;;;;;;;;;;;;;;;;;;;;;;;;;;;808;1;0.2
;;;;;;;;;;;;;;;;;;;;;;;;;;;;;;;809;1;0.2
;;;;;;;;;;;;;;;;;;;;;;;;;;;;;;;810;1;0.233333333
;;;;;;;;;;;;;;;;;;;;;;;;;;;;;;;811;1;0.233333333
;;;;;;;;;;;;;;;;;;;;;;;;;;;;;;;812;1;0.2
;;;;;;;;;;;;;;;;;;;;;;;;;;;;;;;813;1;0.2
;;;;;;;;;;;;;;;;;;;;;;;;;;;;;;;814;1;0.2
;;;;;;;;;;;;;;;;;;;;;;;;;;;;;;;815;1;0.2
;;;;;;;;;;;;;;;;;;;;;;;;;;;;;;;816;1;0.2
;;;;;;;;;;;;;;;;;;;;;;;;;;;;;;;817;1;0.2
;;;;;;;;;;;;;;;;;;;;;;;;;;;;;;;818;1;0.2
;;;;;;;;;;;;;;;;;;;;;;;;;;;;;;;819;1;0.2
;;;;;;;;;;;;;;;;;;;;;;;;;;;;;;;820;1;0.2
;;;;;;;;;;;;;;;;;;;;;;;;;;;;;;;821;1;0.2
;;;;;;;;;;;;;;;;;;;;;;;;;;;;;;;822;1;0.2
;;;;;;;;;;;;;;;;;;;;;;;;;;;;;;;823;1;0.2
;;;;;;;;;;;;;;;;;;;;;;;;;;;;;;;824;1;0.166666667
;;;;;;;;;;;;;;;;;;;;;;;;;;;;;;;825;1;0.166666667
;;;;;;;;;;;;;;;;;;;;;;;;;;;;;;;826;1;0.166666667
;;;;;;;;;;;;;;;;;;;;;;;;;;;;;;;827;1;0.166666667
;;;;;;;;;;;;;;;;;;;;;;;;;;;;;;;828;1;0.166666667
;;;;;;;;;;;;;;;;;;;;;;;;;;;;;;;829;1;0.166666667
;;;;;;;;;;;;;;;;;;;;;;;;;;;;;;;830;1;0.166666667
;;;;;;;;;;;;;;;;;;;;;;;;;;;;;;;831;1;0.166666667
;;;;;;;;;;;;;;;;;;;;;;;;;;;;;;;832;1;0.166666667
;;;;;;;;;;;;;;;;;;;;;;;;;;;;;;;833;1;0.166666667
;;;;;;;;;;;;;;;;;;;;;;;;;;;;;;;834;1;0.166666667
;;;;;;;;;;;;;;;;;;;;;;;;;;;;;;;835;1;0.166666667
;;;;;;;;;;;;;;;;;;;;;;;;;;;;;;;836;1;0.166666667
;;;;;;;;;;;;;;;;;;;;;;;;;;;;;;;837;1;0.166666667
;;;;;;;;;;;;;;;;;;;;;;;;;;;;;;;838;1;0.166666667
;;;;;;;;;;;;;;;;;;;;;;;;;;;;;;;839;1;0.133333333
;;;;;;;;;;;;;;;;;;;;;;;;;;;;;;;840;1;0.1
;;;;;;;;;;;;;;;;;;;;;;;;;;;;;;;841;1;0.1
;;;;;;;;;;;;;;;;;;;;;;;;;;;;;;;842;1;0.1
;;;;;;;;;;;;;;;;;;;;;;;;;;;;;;;843;1;0.1
;;;;;;;;;;;;;;;;;;;;;;;;;;;;;;;844;1;0.1
;;;;;;;;;;;;;;;;;;;;;;;;;;;;;;;845;1;0.1
;;;;;;;;;;;;;;;;;;;;;;;;;;;;;;;846;1;0.1
;;;;;;;;;;;;;;;;;;;;;;;;;;;;;;;847;1;0.1
;;;;;;;;;;;;;;;;;;;;;;;;;;;;;;;848;1;0.1
;;;;;;;;;;;;;;;;;;;;;;;;;;;;;;;849;1;0.066666667
;;;;;;;;;;;;;;;;;;;;;;;;;;;;;;;850;1;0.066666667
;;;;;;;;;;;;;;;;;;;;;;;;;;;;;;;851;1;0.066666667
;;;;;;;;;;;;;;;;;;;;;;;;;;;;;;;852;1;0.066666667
;;;;;;;;;;;;;;;;;;;;;;;;;;;;;;;853;1;0.066666667
;;;;;;;;;;;;;;;;;;;;;;;;;;;;;;;854;1;0.066666667
;;;;;;;;;;;;;;;;;;;;;;;;;;;;;;;855;1;0.066666667
;;;;;;;;;;;;;;;;;;;;;;;;;;;;;;;856;1;0.066666667
;;;;;;;;;;;;;;;;;;;;;;;;;;;;;;;857;1;0.066666667
;;;;;;;;;;;;;;;;;;;;;;;;;;;;;;;858;1;0.066666667
;;;;;;;;;;;;;;;;;;;;;;;;;;;;;;;859;1;0.066666667
;;;;;;;;;;;;;;;;;;;;;;;;;;;;;;;860;1;0.066666667
;;;;;;;;;;;;;;;;;;;;;;;;;;;;;;;861;1;0.066666667
;;;;;;;;;;;;;;;;;;;;;;;;;;;;;;;862;1;0.066666667
;;;;;;;;;;;;;;;;;;;;;;;;;;;;;;;863;1;0.066666667
;;;;;;;;;;;;;;;;;;;;;;;;;;;;;;;864;1;0.066666667
;;;;;;;;;;;;;;;;;;;;;;;;;;;;;;;865;1;0.066666667
;;;;;;;;;;;;;;;;;;;;;;;;;;;;;;;866;1;0.033333333
;;;;;;;;;;;;;;;;;;;;;;;;;;;;;;;867;1;0.033333333
;;;;;;;;;;;;;;;;;;;;;;;;;;;;;;;868;1;0.033333333
;;;;;;;;;;;;;;;;;;;;;;;;;;;;;;;869;1;0.033333333
;;;;;;;;;;;;;;;;;;;;;;;;;;;;;;;870;1;0.033333333
;;;;;;;;;;;;;;;;;;;;;;;;;;;;;;;871;1;0.033333333
;;;;;;;;;;;;;;;;;;;;;;;;;;;;;;;872;1;0.033333333
;;;;;;;;;;;;;;;;;;;;;;;;;;;;;;;873;1;0.033333333
;;;;;;;;;;;;;;;;;;;;;;;;;;;;;;;874;1;0.033333333
;;;;;;;;;;;;;;;;;;;;;;;;;;;;;;;875;1;0.033333333
;;;;;;;;;;;;;;;;;;;;;;;;;;;;;;;876;1;0.033333333
;;;;;;;;;;;;;;;;;;;;;;;;;;;;;;;877;1;0.033333333
;;;;;;;;;;;;;;;;;;;;;;;;;;;;;;;878;1;0.033333333
;;;;;;;;;;;;;;;;;;;;;;;;;;;;;;;879;1;0.033333333
;;;;;;;;;;;;;;;;;;;;;;;;;;;;;;;880;1;0.033333333
;;;;;;;;;;;;;;;;;;;;;;;;;;;;;;;881;1;0.033333333
;;;;;;;;;;;;;;;;;;;;;;;;;;;;;;;882;1;0.033333333
;;;;;;;;;;;;;;;;;;;;;;;;;;;;;;;883;1;0.033333333
;;;;;;;;;;;;;;;;;;;;;;;;;;;;;;;884;1;0.033333333
;;;;;;;;;;;;;;;;;;;;;;;;;;;;;;;885;1;0.033333333
;;;;;;;;;;;;;;;;;;;;;;;;;;;;;;;886;1;0.033333333
;;;;;;;;;;;;;;;;;;;;;;;;;;;;;;;887;1;0.033333333
;;;;;;;;;;;;;;;;;;;;;;;;;;;;;;;888;1;0.033333333
;;;;;;;;;;;;;;;;;;;;;;;;;;;;;;;889;1;0.033333333
;;;;;;;;;;;;;;;;;;;;;;;;;;;;;;;890;1;0.033333333
;;;;;;;;;;;;;;;;;;;;;;;;;;;;;;;891;1;0.033333333
;;;;;;;;;;;;;;;;;;;;;;;;;;;;;;;892;1;0.033333333
;;;;;;;;;;;;;;;;;;;;;;;;;;;;;;;893;1;0.033333333
;;;;;;;;;;;;;;;;;;;;;;;;;;;;;;;894;1;0.033333333
;;;;;;;;;;;;;;;;;;;;;;;;;;;;;;;895;1;0.033333333
;;;;;;;;;;;;;;;;;;;;;;;;;;;;;;;896;1;0.033333333
;;;;;;;;;;;;;;;;;;;;;;;;;;;;;;;897;1;0.033333333
;;;;;;;;;;;;;;;;;;;;;;;;;;;;;;;898;1;0.033333333
;;;;;;;;;;;;;;;;;;;;;;;;;;;;;;;899;1;0.033333333
;;;;;;;;;;;;;;;;;;;;;;;;;;;;;;;900;1;0.033333333
;;;;;;;;;;;;;;;;;;;;;;;;;;;;;;;901;1;0.033333333
;;;;;;;;;;;;;;;;;;;;;;;;;;;;;;;902;1;0.033333333
;;;;;;;;;;;;;;;;;;;;;;;;;;;;;;;903;1;0.033333333
;;;;;;;;;;;;;;;;;;;;;;;;;;;;;;;904;1;0.033333333
;;;;;;;;;;;;;;;;;;;;;;;;;;;;;;;905;1;0.033333333
;;;;;;;;;;;;;;;;;;;;;;;;;;;;;;;906;1;0.033333333
;;;;;;;;;;;;;;;;;;;;;;;;;;;;;;;907;1;0.033333333
;;;;;;;;;;;;;;;;;;;;;;;;;;;;;;;908;1;0.033333333
;;;;;;;;;;;;;;;;;;;;;;;;;;;;;;;909;1;0.033333333
;;;;;;;;;;;;;;;;;;;;;;;;;;;;;;;910;1;0.033333333
;;;;;;;;;;;;;;;;;;;;;;;;;;;;;;;911;1;0.033333333
;;;;;;;;;;;;;;;;;;;;;;;;;;;;;;;912;1;0.033333333
;;;;;;;;;;;;;;;;;;;;;;;;;;;;;;;913;1;0.033333333
;;;;;;;;;;;;;;;;;;;;;;;;;;;;;;;914;1;0.033333333
;;;;;;;;;;;;;;;;;;;;;;;;;;;;;;;915;1;0.033333333
;;;;;;;;;;;;;;;;;;;;;;;;;;;;;;;916;1;0.033333333
;;;;;;;;;;;;;;;;;;;;;;;;;;;;;;;917;1;0.033333333
;;;;;;;;;;;;;;;;;;;;;;;;;;;;;;;918;1;0.033333333
;;;;;;;;;;;;;;;;;;;;;;;;;;;;;;;919;1;0.033333333
;;;;;;;;;;;;;;;;;;;;;;;;;;;;;;;920;1;0.033333333
;;;;;;;;;;;;;;;;;;;;;;;;;;;;;;;921;1;0.033333333
;;;;;;;;;;;;;;;;;;;;;;;;;;;;;;;922;1;0.033333333
;;;;;;;;;;;;;;;;;;;;;;;;;;;;;;;923;1;0.033333333
;;;;;;;;;;;;;;;;;;;;;;;;;;;;;;;924;1;0.033333333
;;;;;;;;;;;;;;;;;;;;;;;;;;;;;;;925;1;0.033333333
;;;;;;;;;;;;;;;;;;;;;;;;;;;;;;;926;1;0.033333333
;;;;;;;;;;;;;;;;;;;;;;;;;;;;;;;927;1;0.033333333
;;;;;;;;;;;;;;;;;;;;;;;;;;;;;;;928;1;0.033333333
;;;;;;;;;;;;;;;;;;;;;;;;;;;;;;;929;1;0.033333333
;;;;;;;;;;;;;;;;;;;;;;;;;;;;;;;930;1;0.033333333
;;;;;;;;;;;;;;;;;;;;;;;;;;;;;;;931;1;0.033333333
;;;;;;;;;;;;;;;;;;;;;;;;;;;;;;;932;1;0.033333333
;;;;;;;;;;;;;;;;;;;;;;;;;;;;;;;933;1;0.033333333
;;;;;;;;;;;;;;;;;;;;;;;;;;;;;;;934;1;0.033333333
;;;;;;;;;;;;;;;;;;;;;;;;;;;;;;;935;1;0.033333333
;;;;;;;;;;;;;;;;;;;;;;;;;;;;;;;936;1;0.033333333
;;;;;;;;;;;;;;;;;;;;;;;;;;;;;;;937;1;0.033333333
;;;;;;;;;;;;;;;;;;;;;;;;;;;;;;;938;1;0.033333333
;;;;;;;;;;;;;;;;;;;;;;;;;;;;;;;939;1;0.033333333
;;;;;;;;;;;;;;;;;;;;;;;;;;;;;;;940;1;0.033333333
;;;;;;;;;;;;;;;;;;;;;;;;;;;;;;;941;1;0.033333333
;;;;;;;;;;;;;;;;;;;;;;;;;;;;;;;942;1;0.033333333
;;;;;;;;;;;;;;;;;;;;;;;;;;;;;;;943;1;0.033333333
;;;;;;;;;;;;;;;;;;;;;;;;;;;;;;;944;1;0.033333333
;;;;;;;;;;;;;;;;;;;;;;;;;;;;;;;945;1;0.033333333
;;;;;;;;;;;;;;;;;;;;;;;;;;;;;;;946;1;0.033333333
;;;;;;;;;;;;;;;;;;;;;;;;;;;;;;;947;1;0.033333333
;;;;;;;;;;;;;;;;;;;;;;;;;;;;;;;948;1;0.033333333
;;;;;;;;;;;;;;;;;;;;;;;;;;;;;;;949;1;0.033333333
;;;;;;;;;;;;;;;;;;;;;;;;;;;;;;;950;1;0.033333333
;;;;;;;;;;;;;;;;;;;;;;;;;;;;;;;951;1;0.033333333
;;;;;;;;;;;;;;;;;;;;;;;;;;;;;;;952;1;0.033333333
;;;;;;;;;;;;;;;;;;;;;;;;;;;;;;;953;1;0.033333333
;;;;;;;;;;;;;;;;;;;;;;;;;;;;;;;954;1;0
